<?xml version="1.0" encoding="UTF-8"?>

<CodeSystem xmlns="http://hl7.org/fhir">
  <id value="country-ema-cs"/>
  <text>
    <status value="generated"/><div xmlns="http://www.w3.org/1999/xhtml"><p>This code system <code>https://spor.ema.europa.eu/v1/lists/100000000002</code> defines the following codes:</p><table class="codes"><tr><td style="white-space:nowrap"><b>Code</b></td><td><b>Display</b></td></tr><tr><td style="white-space:nowrap">100000000344<a name="country-ema-cs-100000000344"> </a></td><td>Republic of Botswana</td></tr><tr><td style="white-space:nowrap">100000000552<a name="country-ema-cs-100000000552"> </a></td><td>Tuvalu</td></tr><tr><td style="white-space:nowrap">100000000537<a name="country-ema-cs-100000000537"> </a></td><td>Syrian Arab Republic</td></tr><tr><td style="white-space:nowrap">100000000504<a name="country-ema-cs-100000000504"> </a></td><td>Department of R'union</td></tr><tr><td style="white-space:nowrap">100000000354<a name="country-ema-cs-100000000354"> </a></td><td>Canada</td></tr><tr><td style="white-space:nowrap">100000000446<a name="country-ema-cs-100000000446"> </a></td><td>Republic of Liberia</td></tr><tr><td style="white-space:nowrap">100000000431<a name="country-ema-cs-100000000431"> </a></td><td>Jamaica</td></tr><tr><td style="white-space:nowrap">100000000401<a name="country-ema-cs-100000000401"> </a></td><td>Republic of the Gambia</td></tr><tr><td style="white-space:nowrap">100000000393<a name="country-ema-cs-100000000393"> </a></td><td>Republic of the Fiji Islands</td></tr><tr><td style="white-space:nowrap">100000000342<a name="country-ema-cs-100000000342"> </a></td><td>Plurinational State of Bolivia</td></tr><tr><td style="white-space:nowrap">100000000442<a name="country-ema-cs-100000000442"> </a></td><td>Lao People's Democratic Republic</td></tr><tr><td style="white-space:nowrap">100000000542<a name="country-ema-cs-100000000542"> </a></td><td>Timor-Leste</td></tr><tr><td style="white-space:nowrap">100000000335<a name="country-ema-cs-100000000335"> </a></td><td>Barbados</td></tr><tr><td style="white-space:nowrap">100000000521<a name="country-ema-cs-100000000521"> </a></td><td>Republic of Sierra Leone</td></tr><tr><td style="white-space:nowrap">100000000548<a name="country-ema-cs-100000000548"> </a></td><td>Republic of Tunisia</td></tr><tr><td style="white-space:nowrap">100000000469<a name="country-ema-cs-100000000469"> </a></td><td>Mongolia</td></tr><tr><td style="white-space:nowrap">100000000386<a name="country-ema-cs-100000000386"> </a></td><td>Republic of Equatorial Guinea</td></tr><tr><td style="white-space:nowrap">100000000445<a name="country-ema-cs-100000000445"> </a></td><td>Kingdom of Lesotho</td></tr><tr><td style="white-space:nowrap">100000000496<a name="country-ema-cs-100000000496"> </a></td><td>Republic of Paraguay</td></tr><tr><td style="white-space:nowrap">100000000379<a name="country-ema-cs-100000000379"> </a></td><td>Republic of Djibouti</td></tr><tr><td style="white-space:nowrap">100000000558<a name="country-ema-cs-100000000558"> </a></td><td>United States Minor Outlying Islands</td></tr><tr><td style="white-space:nowrap">100000000384<a name="country-ema-cs-100000000384"> </a></td><td>Arab Republic of Egypt</td></tr><tr><td style="white-space:nowrap">100000000534<a name="country-ema-cs-100000000534"> </a></td><td>Kingdom of Eswatini</td></tr><tr><td style="white-space:nowrap">100000000450<a name="country-ema-cs-100000000450"> </a></td><td>Republic of Lithuania</td></tr><tr><td style="white-space:nowrap">100000000567<a name="country-ema-cs-100000000567"> </a></td><td>Territory of the Wallis and Futuna Islands</td></tr><tr><td style="white-space:nowrap">100000000488<a name="country-ema-cs-100000000488"> </a></td><td>Commonwealth of the Northern Mariana Islands</td></tr><tr><td style="white-space:nowrap">100000000553<a name="country-ema-cs-100000000553"> </a></td><td>Republic of Uganda</td></tr><tr><td style="white-space:nowrap">100000000398<a name="country-ema-cs-100000000398"> </a></td><td>Territory of French Polynesia</td></tr><tr><td style="white-space:nowrap">100000000320<a name="country-ema-cs-100000000320"> </a></td><td>Principality of Andorra</td></tr><tr><td style="white-space:nowrap">100000000362<a name="country-ema-cs-100000000362"> </a></td><td>People's Republic of China</td></tr><tr><td style="white-space:nowrap">100000000353<a name="country-ema-cs-100000000353"> </a></td><td>Republic of Cameroon</td></tr><tr><td style="white-space:nowrap">100000000540<a name="country-ema-cs-100000000540"> </a></td><td>United Republic of Tanzania</td></tr><tr><td style="white-space:nowrap">100000000415<a name="country-ema-cs-100000000415"> </a></td><td>Cooperative Republic of Guyana</td></tr><tr><td style="white-space:nowrap">100000000347<a name="country-ema-cs-100000000347"> </a></td><td>British Indian Ocean Territory</td></tr><tr><td style="white-space:nowrap">100000000487<a name="country-ema-cs-100000000487"> </a></td><td>Territory of Norfolk Island</td></tr><tr><td style="white-space:nowrap">100000000439<a name="country-ema-cs-100000000439"> </a></td><td>Republic of Korea</td></tr><tr><td style="white-space:nowrap">100000000497<a name="country-ema-cs-100000000497"> </a></td><td>Republic of Peru</td></tr><tr><td style="white-space:nowrap">100000000380<a name="country-ema-cs-100000000380"> </a></td><td>Commonwealth of Dominica</td></tr><tr><td style="white-space:nowrap">100000000339<a name="country-ema-cs-100000000339"> </a></td><td>Republic of Benin</td></tr><tr><td style="white-space:nowrap">100000000483<a name="country-ema-cs-100000000483"> </a></td><td>Republic of Nicaragua</td></tr><tr><td style="white-space:nowrap">100000000368<a name="country-ema-cs-100000000368"> </a></td><td>Republic of the Congo</td></tr><tr><td style="white-space:nowrap">100000000352<a name="country-ema-cs-100000000352"> </a></td><td>Kingdom of Cambodia</td></tr><tr><td style="white-space:nowrap">100000000345<a name="country-ema-cs-100000000345"> </a></td><td>Bouvet Island</td></tr><tr><td style="white-space:nowrap">100000000349<a name="country-ema-cs-100000000349"> </a></td><td>Republic of Bulgaria</td></tr><tr><td style="white-space:nowrap">100000000383<a name="country-ema-cs-100000000383"> </a></td><td>Republic of Ecuador</td></tr><tr><td style="white-space:nowrap">100000000366<a name="country-ema-cs-100000000366"> </a></td><td>Republic of Colombia</td></tr><tr><td style="white-space:nowrap">100000000509<a name="country-ema-cs-100000000509"> </a></td><td>Federation of Saint Kitts and Nevis</td></tr><tr><td style="white-space:nowrap">100000000389<a name="country-ema-cs-100000000389"> </a></td><td>Federal Democratic Republic of Ethiopia</td></tr><tr><td style="white-space:nowrap">100000000385<a name="country-ema-cs-100000000385"> </a></td><td>Republic of El Salvador</td></tr><tr><td style="white-space:nowrap">100000000454<a name="country-ema-cs-100000000454"> </a></td><td>Republic of Madagascar</td></tr><tr><td style="white-space:nowrap">100000000443<a name="country-ema-cs-100000000443"> </a></td><td>Republic of Latvia</td></tr><tr><td style="white-space:nowrap">100000000512<a name="country-ema-cs-100000000512"> </a></td><td>Saint Vincent and the Grenadines</td></tr><tr><td style="white-space:nowrap">100000000493<a name="country-ema-cs-100000000493"> </a></td><td>Occupied Palestinian Territory</td></tr><tr><td style="white-space:nowrap">100000000410<a name="country-ema-cs-100000000410"> </a></td><td>Territory of Guam</td></tr><tr><td style="white-space:nowrap">100000000463<a name="country-ema-cs-100000000463"> </a></td><td>Republic of Mauritius</td></tr><tr><td style="white-space:nowrap">100000000428<a name="country-ema-cs-100000000428"> </a></td><td>Isle of Man</td></tr><tr><td style="white-space:nowrap">100000000360<a name="country-ema-cs-100000000360"> </a></td><td>Republic of Chad</td></tr><tr><td style="white-space:nowrap">100000000571<a name="country-ema-cs-100000000571"> </a></td><td>Republic of Zambia</td></tr><tr><td style="white-space:nowrap">100000000429<a name="country-ema-cs-100000000429"> </a></td><td>State of Israel</td></tr><tr><td style="white-space:nowrap">100000000424<a name="country-ema-cs-100000000424"> </a></td><td>Republic of Indonesia</td></tr><tr><td style="white-space:nowrap">100000000464<a name="country-ema-cs-100000000464"> </a></td><td>Territorial Collectivity of Mayotte</td></tr><tr><td style="white-space:nowrap">200000016424<a name="country-ema-cs-200000016424"> </a></td><td>Cura'ao</td></tr><tr><td style="white-space:nowrap">100000000495<a name="country-ema-cs-100000000495"> </a></td><td>Independent State of Papua New Guinea</td></tr><tr><td style="white-space:nowrap">100000000511<a name="country-ema-cs-100000000511"> </a></td><td>Territorial Collectivity of Saint Pierre and Miquelon</td></tr><tr><td style="white-space:nowrap">100000000465<a name="country-ema-cs-100000000465"> </a></td><td>United Mexican States</td></tr><tr><td style="white-space:nowrap">100000000503<a name="country-ema-cs-100000000503"> </a></td><td>State of Qatar</td></tr><tr><td style="white-space:nowrap">100000000543<a name="country-ema-cs-100000000543"> </a></td><td>Togolese Republic</td></tr><tr><td style="white-space:nowrap">100000000390<a name="country-ema-cs-100000000390"> </a></td><td>European Union</td></tr><tr><td style="white-space:nowrap">100000000507<a name="country-ema-cs-100000000507"> </a></td><td>Republic of Rwanda</td></tr><tr><td style="white-space:nowrap">100000000461<a name="country-ema-cs-100000000461"> </a></td><td>Department of Martinique</td></tr><tr><td style="white-space:nowrap">100000000400<a name="country-ema-cs-100000000400"> </a></td><td>Gabonese Republic</td></tr><tr><td style="white-space:nowrap">100000000423<a name="country-ema-cs-100000000423"> </a></td><td>Republic of India</td></tr><tr><td style="white-space:nowrap">100000000456<a name="country-ema-cs-100000000456"> </a></td><td>Malaysia</td></tr><tr><td style="white-space:nowrap">100000000451<a name="country-ema-cs-100000000451"> </a></td><td>Grand Duchy of Luxembourg</td></tr><tr><td style="white-space:nowrap">100000000535<a name="country-ema-cs-100000000535"> </a></td><td>Kingdom of Sweden</td></tr><tr><td style="white-space:nowrap">100000110973<a name="country-ema-cs-100000110973"> </a></td><td>Republic of Kosovo</td></tr><tr><td style="white-space:nowrap">100000000441<a name="country-ema-cs-100000000441"> </a></td><td>Kyrgyz Republic</td></tr><tr><td style="white-space:nowrap">100000000350<a name="country-ema-cs-100000000350"> </a></td><td>Burkina Faso</td></tr><tr><td style="white-space:nowrap">100000000536<a name="country-ema-cs-100000000536"> </a></td><td>Swiss Confederation</td></tr><tr><td style="white-space:nowrap">100000000356<a name="country-ema-cs-100000000356"> </a></td><td>Republic of Cape Verde</td></tr><tr><td style="white-space:nowrap">100000000486<a name="country-ema-cs-100000000486"> </a></td><td>Republic of Niue</td></tr><tr><td style="white-space:nowrap">100000000388<a name="country-ema-cs-100000000388"> </a></td><td>Republic of Estonia</td></tr><tr><td style="white-space:nowrap">100000000417<a name="country-ema-cs-100000000417"> </a></td><td>Territory of Heard Island and McDonald Islands</td></tr><tr><td style="white-space:nowrap">100000000416<a name="country-ema-cs-100000000416"> </a></td><td>Republic of Haiti</td></tr><tr><td style="white-space:nowrap">100000000414<a name="country-ema-cs-100000000414"> </a></td><td>Republic of Guinea-Bissau</td></tr><tr><td style="white-space:nowrap">100000000526<a name="country-ema-cs-100000000526"> </a></td><td>Somalia</td></tr><tr><td style="white-space:nowrap">100000000491<a name="country-ema-cs-100000000491"> </a></td><td>Islamic Republic of Pakistan</td></tr><tr><td style="white-space:nowrap">100000000333<a name="country-ema-cs-100000000333"> </a></td><td>Kingdom of Bahrain</td></tr><tr><td style="white-space:nowrap">100000000405<a name="country-ema-cs-100000000405"> </a></td><td>Gibraltar</td></tr><tr><td style="white-space:nowrap">100000000566<a name="country-ema-cs-100000000566"> </a></td><td>Virgin Islands of the United States</td></tr><tr><td style="white-space:nowrap">100000000565<a name="country-ema-cs-100000000565"> </a></td><td>British Virgin Islands</td></tr><tr><td style="white-space:nowrap">100000000397<a name="country-ema-cs-100000000397"> </a></td><td>Department of French Guiana</td></tr><tr><td style="white-space:nowrap">100000000316<a name="country-ema-cs-100000000316"> </a></td><td>'land Islands</td></tr><tr><td style="white-space:nowrap">100000000478<a name="country-ema-cs-100000000478"> </a></td><td>Kingdom of the Netherlands</td></tr><tr><td style="white-space:nowrap">100000000550<a name="country-ema-cs-100000000550"> </a></td><td>Turkmenistan</td></tr><tr><td style="white-space:nowrap">100000110993<a name="country-ema-cs-100000110993"> </a></td><td>Saint Martin (French Part)</td></tr><tr><td style="white-space:nowrap">100000000563<a name="country-ema-cs-100000000563"> </a></td><td>Bolivarian Republic of Venezuela</td></tr><tr><td style="white-space:nowrap">100000000332<a name="country-ema-cs-100000000332"> </a></td><td>The Commonwealth of the Bahamas</td></tr><tr><td style="white-space:nowrap">100000000438<a name="country-ema-cs-100000000438"> </a></td><td>Democratic People's Republic of Korea</td></tr><tr><td style="white-space:nowrap">100000000561<a name="country-ema-cs-100000000561"> </a></td><td>Republic of Uzbekistan</td></tr><tr><td style="white-space:nowrap">100000000419<a name="country-ema-cs-100000000419"> </a></td><td>Republic of Honduras</td></tr><tr><td style="white-space:nowrap">100000000411<a name="country-ema-cs-100000000411"> </a></td><td>Republic of Guatemala</td></tr><tr><td style="white-space:nowrap">100000000538<a name="country-ema-cs-100000000538"> </a></td><td>Taiwan</td></tr><tr><td style="white-space:nowrap">100000000546<a name="country-ema-cs-100000000546"> </a></td><td>Republic of Trinidad and Tobago</td></tr><tr><td style="white-space:nowrap">100000000394<a name="country-ema-cs-100000000394"> </a></td><td>Republic of Finland</td></tr><tr><td style="white-space:nowrap">100000000525<a name="country-ema-cs-100000000525"> </a></td><td>Solomon Islands</td></tr><tr><td style="white-space:nowrap">100000000544<a name="country-ema-cs-100000000544"> </a></td><td>Tokelau</td></tr><tr><td style="white-space:nowrap">100000000404<a name="country-ema-cs-100000000404"> </a></td><td>Republic of Ghana</td></tr><tr><td style="white-space:nowrap">100000000572<a name="country-ema-cs-100000000572"> </a></td><td>Republic of Zimbabwe</td></tr><tr><td style="white-space:nowrap">100000000318<a name="country-ema-cs-100000000318"> </a></td><td>People's Democratic Republic of Algeria</td></tr><tr><td style="white-space:nowrap">100000000391<a name="country-ema-cs-100000000391"> </a></td><td>Faeroe Islands</td></tr><tr><td style="white-space:nowrap">100000000433<a name="country-ema-cs-100000000433"> </a></td><td>Jersey</td></tr><tr><td style="white-space:nowrap">100000000357<a name="country-ema-cs-100000000357"> </a></td><td>Cayman Islands</td></tr><tr><td style="white-space:nowrap">100000000369<a name="country-ema-cs-100000000369"> </a></td><td>Democratic Republic of the Congo</td></tr><tr><td style="white-space:nowrap">100000000340<a name="country-ema-cs-100000000340"> </a></td><td>Bermuda</td></tr><tr><td style="white-space:nowrap">100000000413<a name="country-ema-cs-100000000413"> </a></td><td>Republic of Guinea</td></tr><tr><td style="white-space:nowrap">100000000329<a name="country-ema-cs-100000000329"> </a></td><td>Commonwealth of Australia</td></tr><tr><td style="white-space:nowrap">100000000375<a name="country-ema-cs-100000000375"> </a></td><td>Republic of Cyprus</td></tr><tr><td style="white-space:nowrap">100000000530<a name="country-ema-cs-100000000530"> </a></td><td>Democratic Socialist Republic of Sri Lanka</td></tr><tr><td style="white-space:nowrap">100000000408<a name="country-ema-cs-100000000408"> </a></td><td>Grenada</td></tr><tr><td style="white-space:nowrap">100000000444<a name="country-ema-cs-100000000444"> </a></td><td>Lebanese Republic</td></tr><tr><td style="white-space:nowrap">100000000527<a name="country-ema-cs-100000000527"> </a></td><td>Republic of South Africa</td></tr><tr><td style="white-space:nowrap">100000000533<a name="country-ema-cs-100000000533"> </a></td><td>Svalbard and Jan Mayen Islands</td></tr><tr><td style="white-space:nowrap">100000000505<a name="country-ema-cs-100000000505"> </a></td><td>Romania</td></tr><tr><td style="white-space:nowrap">100000000392<a name="country-ema-cs-100000000392"> </a></td><td>Falkland Islands</td></tr><tr><td style="white-space:nowrap">100000000472<a name="country-ema-cs-100000000472"> </a></td><td>Kingdom of Morocco</td></tr><tr><td style="white-space:nowrap">100000110974<a name="country-ema-cs-100000110974"> </a></td><td>Saint Barthelemy</td></tr><tr><td style="white-space:nowrap">100000000473<a name="country-ema-cs-100000000473"> </a></td><td>Republic of Mozambique</td></tr><tr><td style="white-space:nowrap">100000000568<a name="country-ema-cs-100000000568"> </a></td><td>Western Sahara</td></tr><tr><td style="white-space:nowrap">100000000370<a name="country-ema-cs-100000000370"> </a></td><td>Cook Islands</td></tr><tr><td style="white-space:nowrap">100000000330<a name="country-ema-cs-100000000330"> </a></td><td>Republic of Austria</td></tr><tr><td style="white-space:nowrap">100000000520<a name="country-ema-cs-100000000520"> </a></td><td>Republic of Seychelles</td></tr><tr><td style="white-space:nowrap">100000000363<a name="country-ema-cs-100000000363"> </a></td><td>Christmas Island Territory</td></tr><tr><td style="white-space:nowrap">100000000358<a name="country-ema-cs-100000000358"> </a></td><td>Central African Republic</td></tr><tr><td style="white-space:nowrap">100000000418<a name="country-ema-cs-100000000418"> </a></td><td>the Holy See (Vatican City State)</td></tr><tr><td style="white-space:nowrap">100000000395<a name="country-ema-cs-100000000395"> </a></td><td>French Republic</td></tr><tr><td style="white-space:nowrap">100000000315<a name="country-ema-cs-100000000315"> </a></td><td>Islamic Republic of Afghanistan</td></tr><tr><td style="white-space:nowrap">100000000346<a name="country-ema-cs-100000000346"> </a></td><td>Federative Republic of Brazil</td></tr><tr><td style="white-space:nowrap">100000000455<a name="country-ema-cs-100000000455"> </a></td><td>Republic of Malawi</td></tr><tr><td style="white-space:nowrap">100000000361<a name="country-ema-cs-100000000361"> </a></td><td>Republic of Chile</td></tr><tr><td style="white-space:nowrap">200000010721<a name="country-ema-cs-200000010721"> </a></td><td>Other countries</td></tr><tr><td style="white-space:nowrap">100000000528<a name="country-ema-cs-100000000528"> </a></td><td>South Georgia and the South Sandwich Islands</td></tr><tr><td style="white-space:nowrap">100000000515<a name="country-ema-cs-100000000515"> </a></td><td>Democratic Republic of S'o Tom' and Pr'ncipe</td></tr><tr><td style="white-space:nowrap">100000000564<a name="country-ema-cs-100000000564"> </a></td><td>Socialist Republic of Viet Nam</td></tr><tr><td style="white-space:nowrap">100000000321<a name="country-ema-cs-100000000321"> </a></td><td>Republic of Angola</td></tr><tr><td style="white-space:nowrap">100000000539<a name="country-ema-cs-100000000539"> </a></td><td>Republic of Tajikistan</td></tr><tr><td style="white-space:nowrap">100000000476<a name="country-ema-cs-100000000476"> </a></td><td>Republic of Nauru</td></tr><tr><td style="white-space:nowrap">100000000499<a name="country-ema-cs-100000000499"> </a></td><td>Pitcairn Islands</td></tr><tr><td style="white-space:nowrap">100000000425<a name="country-ema-cs-100000000425"> </a></td><td>Islamic Republic of Iran</td></tr><tr><td style="white-space:nowrap">100000000437<a name="country-ema-cs-100000000437"> </a></td><td>Republic of Kiribati</td></tr><tr><td style="white-space:nowrap">100000000381<a name="country-ema-cs-100000000381"> </a></td><td>Dominican Republic</td></tr><tr><td style="white-space:nowrap">100000000517<a name="country-ema-cs-100000000517"> </a></td><td>Republic of Senegal</td></tr><tr><td style="white-space:nowrap">100000000516<a name="country-ema-cs-100000000516"> </a></td><td>Kingdom of Saudi Arabia</td></tr><tr><td style="white-space:nowrap">100000000323<a name="country-ema-cs-100000000323"> </a></td><td>Antarctica</td></tr><tr><td style="white-space:nowrap">100000000555<a name="country-ema-cs-100000000555"> </a></td><td>United Arab Emirates</td></tr><tr><td style="white-space:nowrap">100000000569<a name="country-ema-cs-100000000569"> </a></td><td>Republic of Yemen</td></tr><tr><td style="white-space:nowrap">100000000407<a name="country-ema-cs-100000000407"> </a></td><td>Greenland</td></tr><tr><td style="white-space:nowrap">100000000502<a name="country-ema-cs-100000000502"> </a></td><td>Commonwealth of Puerto Rico</td></tr><tr><td style="white-space:nowrap">100000000531<a name="country-ema-cs-100000000531"> </a></td><td>Republic of Sudan</td></tr><tr><td style="white-space:nowrap">100000000372<a name="country-ema-cs-100000000372"> </a></td><td>Republic of C'te d'Ivoire</td></tr><tr><td style="white-space:nowrap">100000000325<a name="country-ema-cs-100000000325"> </a></td><td>Argentine Republic</td></tr><tr><td style="white-space:nowrap">100000000557<a name="country-ema-cs-100000000557"> </a></td><td>United States of America</td></tr><tr><td style="white-space:nowrap">100000000500<a name="country-ema-cs-100000000500"> </a></td><td>Republic of Poland</td></tr><tr><td style="white-space:nowrap">100000000532<a name="country-ema-cs-100000000532"> </a></td><td>Republic of Suriname</td></tr><tr><td style="white-space:nowrap">100000000399<a name="country-ema-cs-100000000399"> </a></td><td>French Southern Territories</td></tr><tr><td style="white-space:nowrap">100000000485<a name="country-ema-cs-100000000485"> </a></td><td>Federal Republic of Nigeria</td></tr><tr><td style="white-space:nowrap">100000000448<a name="country-ema-cs-100000000448"> </a></td><td>Great Socialist People's Libyan Arab Jamahiriya</td></tr><tr><td style="white-space:nowrap">100000000409<a name="country-ema-cs-100000000409"> </a></td><td>Department of Guadeloupe</td></tr><tr><td style="white-space:nowrap">100000000551<a name="country-ema-cs-100000000551"> </a></td><td>Turks and Caicos Islands</td></tr><tr><td style="white-space:nowrap">100000000541<a name="country-ema-cs-100000000541"> </a></td><td>Kingdom of Thailand</td></tr><tr><td style="white-space:nowrap">100000000458<a name="country-ema-cs-100000000458"> </a></td><td>Republic of Mali</td></tr><tr><td style="white-space:nowrap">100000000422<a name="country-ema-cs-100000000422"> </a></td><td>Republic of Iceland</td></tr><tr><td style="white-space:nowrap">100000000510<a name="country-ema-cs-100000000510"> </a></td><td>Saint Lucia</td></tr><tr><td style="white-space:nowrap">100000000338<a name="country-ema-cs-100000000338"> </a></td><td>Belize</td></tr><tr><td style="white-space:nowrap">100000000471<a name="country-ema-cs-100000000471"> </a></td><td>Montserrat</td></tr><tr><td style="white-space:nowrap">100000000348<a name="country-ema-cs-100000000348"> </a></td><td>Negara Brunei Darussalam</td></tr><tr><td style="white-space:nowrap">100000000319<a name="country-ema-cs-100000000319"> </a></td><td>Territory of American Samoa</td></tr><tr><td style="white-space:nowrap">100000000432<a name="country-ema-cs-100000000432"> </a></td><td>Japan</td></tr><tr><td style="white-space:nowrap">100000000559<a name="country-ema-cs-100000000559"> </a></td><td>Eastern Republic of Uruguay</td></tr><tr><td style="white-space:nowrap">100000000477<a name="country-ema-cs-100000000477"> </a></td><td>Federal Democratic Republic of Nepal</td></tr><tr><td style="white-space:nowrap">100000000434<a name="country-ema-cs-100000000434"> </a></td><td>Hashemite Kingdom of Jordan</td></tr><tr><td style="white-space:nowrap">100000000481<a name="country-ema-cs-100000000481"> </a></td><td>Territory of New Caledonia and Dependencies</td></tr><tr><td style="white-space:nowrap">100000000466<a name="country-ema-cs-100000000466"> </a></td><td>Federated States of Micronesia</td></tr><tr><td style="white-space:nowrap">100000000492<a name="country-ema-cs-100000000492"> </a></td><td>Republic of Palau</td></tr><tr><td style="white-space:nowrap">100000000513<a name="country-ema-cs-100000000513"> </a></td><td>Independent State of Samoa</td></tr><tr><td style="white-space:nowrap">100000000412<a name="country-ema-cs-100000000412"> </a></td><td>Guernsey</td></tr><tr><td style="white-space:nowrap">100000000334<a name="country-ema-cs-100000000334"> </a></td><td>People's Republic of Bangladesh</td></tr><tr><td style="white-space:nowrap">100000000460<a name="country-ema-cs-100000000460"> </a></td><td>Republic of the Marshall Islands</td></tr><tr><td style="white-space:nowrap">100000000341<a name="country-ema-cs-100000000341"> </a></td><td>Kingdom of Bhutan</td></tr><tr><td style="white-space:nowrap">100000000522<a name="country-ema-cs-100000000522"> </a></td><td>Republic of Singapore</td></tr><tr><td style="white-space:nowrap">100000000494<a name="country-ema-cs-100000000494"> </a></td><td>Republic of Panama</td></tr><tr><td style="white-space:nowrap">100000000529<a name="country-ema-cs-100000000529"> </a></td><td>Kingdom of Spain</td></tr><tr><td style="white-space:nowrap">100000000374<a name="country-ema-cs-100000000374"> </a></td><td>Republic of Cuba</td></tr><tr><td style="white-space:nowrap">100000000482<a name="country-ema-cs-100000000482"> </a></td><td>New Zealand</td></tr><tr><td style="white-space:nowrap">100000000351<a name="country-ema-cs-100000000351"> </a></td><td>Republic of Burundi</td></tr><tr><td style="white-space:nowrap">100000000475<a name="country-ema-cs-100000000475"> </a></td><td>Republic of Namibia</td></tr><tr><td style="white-space:nowrap">100000000420<a name="country-ema-cs-100000000420"> </a></td><td>Hong Kong Special Administrative Region of the People's Republic of China</td></tr><tr><td style="white-space:nowrap">100000000387<a name="country-ema-cs-100000000387"> </a></td><td>State of Eritrea</td></tr><tr><td style="white-space:nowrap">100000000462<a name="country-ema-cs-100000000462"> </a></td><td>Islamic Republic of Mauritania</td></tr><tr><td style="white-space:nowrap">100000000474<a name="country-ema-cs-100000000474"> </a></td><td>Union of Myanmar</td></tr><tr><td style="white-space:nowrap">100000000562<a name="country-ema-cs-100000000562"> </a></td><td>Republic of Vanuatu</td></tr><tr><td style="white-space:nowrap">100000000545<a name="country-ema-cs-100000000545"> </a></td><td>Kingdom of Tonga</td></tr><tr><td style="white-space:nowrap">100000000371<a name="country-ema-cs-100000000371"> </a></td><td>Republic of Costa Rica</td></tr><tr><td style="white-space:nowrap">100000000365<a name="country-ema-cs-100000000365"> </a></td><td>Territory of Cocos (Keeling) Islands</td></tr><tr><td style="white-space:nowrap">100000000327<a name="country-ema-cs-100000000327"> </a></td><td>Aruba</td></tr><tr><td style="white-space:nowrap">100000000498<a name="country-ema-cs-100000000498"> </a></td><td>Republic of the Philippines</td></tr><tr><td style="white-space:nowrap">100000000457<a name="country-ema-cs-100000000457"> </a></td><td>Republic of Maldives</td></tr><tr><td style="white-space:nowrap">100000000324<a name="country-ema-cs-100000000324"> </a></td><td>Antigua and Barbuda</td></tr><tr><td style="white-space:nowrap">100000000436<a name="country-ema-cs-100000000436"> </a></td><td>Republic of Kenya</td></tr><tr><td style="white-space:nowrap">100000000440<a name="country-ema-cs-100000000440"> </a></td><td>State of Kuwait</td></tr><tr><td style="white-space:nowrap">100000000490<a name="country-ema-cs-100000000490"> </a></td><td>Sultanate of Oman</td></tr><tr><td style="white-space:nowrap">100000000426<a name="country-ema-cs-100000000426"> </a></td><td>Republic of Iraq</td></tr><tr><td style="white-space:nowrap">100000000322<a name="country-ema-cs-100000000322"> </a></td><td>Anguilla</td></tr><tr><td style="white-space:nowrap">100000000459<a name="country-ema-cs-100000000459"> </a></td><td>Republic of Malta</td></tr><tr><td style="white-space:nowrap">100000000367<a name="country-ema-cs-100000000367"> </a></td><td>Union of the Comoros</td></tr><tr><td style="white-space:nowrap">100000000508<a name="country-ema-cs-100000000508"> </a></td><td>Saint Helena</td></tr><tr><td style="white-space:nowrap">100000000560<a name="country-ema-cs-100000000560"> </a></td><td>Union of Soviet Socialist Republics</td></tr><tr><td style="white-space:nowrap">100000000355<a name="country-ema-cs-100000000355"> </a></td><td>Autonomous Community of the Canary Islands</td></tr><tr><td style="white-space:nowrap">100000000378<a name="country-ema-cs-100000000378"> </a></td><td>Diego Garcia</td></tr><tr><td style="white-space:nowrap">100000000570<a name="country-ema-cs-100000000570"> </a></td><td>Yugoslavia</td></tr><tr><td style="white-space:nowrap">100000000382<a name="country-ema-cs-100000000382"> </a></td><td>Democratic Republic of East Timor</td></tr><tr><td style="white-space:nowrap">100000000447<a name="country-ema-cs-100000000447"> </a></td><td>Libya Fezzan</td></tr><tr><td style="white-space:nowrap">100000000396<a name="country-ema-cs-100000000396"> </a></td><td>Metropolitan France</td></tr><tr><td style="white-space:nowrap">100000000547<a name="country-ema-cs-100000000547"> </a></td><td>Tristan da Cunha</td></tr><tr><td style="white-space:nowrap">100000000480<a name="country-ema-cs-100000000480"> </a></td><td>Neutral Zone</td></tr><tr><td style="white-space:nowrap">100000000359<a name="country-ema-cs-100000000359"> </a></td><td>Ceuta</td></tr><tr><td style="white-space:nowrap">100000000364<a name="country-ema-cs-100000000364"> </a></td><td>Clipperton Island</td></tr><tr><td style="white-space:nowrap">100000000479<a name="country-ema-cs-100000000479"> </a></td><td>Netherlands Antilles</td></tr><tr><td style="white-space:nowrap">100000000328<a name="country-ema-cs-100000000328"> </a></td><td>Ascension Island</td></tr><tr><td style="white-space:nowrap">100000000519<a name="country-ema-cs-100000000519"> </a></td><td>State Union of Serbia and Montenegro</td></tr><tr><td style="white-space:nowrap">200000026063<a name="country-ema-cs-200000026063"> </a></td><td>Republic of South Sudan</td></tr><tr><td style="white-space:nowrap">100000000421<a name="country-ema-cs-100000000421"> </a></td><td>Republic of Hungary</td></tr><tr><td style="white-space:nowrap">100000000430<a name="country-ema-cs-100000000430"> </a></td><td>Italian Republic</td></tr><tr><td style="white-space:nowrap">100000000449<a name="country-ema-cs-100000000449"> </a></td><td>Principality of Liechtenstein</td></tr><tr><td style="white-space:nowrap">100000000452<a name="country-ema-cs-100000000452"> </a></td><td>Macao Special Administrative Region of the People's Republic of China</td></tr><tr><td style="white-space:nowrap">100000000453<a name="country-ema-cs-100000000453"> </a></td><td>Republic of North Macedonia</td></tr><tr><td style="white-space:nowrap">100000000468<a name="country-ema-cs-100000000468"> </a></td><td>Principality of Monaco</td></tr><tr><td style="white-space:nowrap">100000000470<a name="country-ema-cs-100000000470"> </a></td><td>Montenegro</td></tr><tr><td style="white-space:nowrap">100000000484<a name="country-ema-cs-100000000484"> </a></td><td>Republic of Niger</td></tr><tr><td style="white-space:nowrap">100000000489<a name="country-ema-cs-100000000489"> </a></td><td>Kingdom of Norway</td></tr><tr><td style="white-space:nowrap">100000000506<a name="country-ema-cs-100000000506"> </a></td><td>Russian Federation</td></tr><tr><td style="white-space:nowrap">100000000514<a name="country-ema-cs-100000000514"> </a></td><td>Republic of San Marino</td></tr><tr><td style="white-space:nowrap">100000000523<a name="country-ema-cs-100000000523"> </a></td><td>Slovak Republic</td></tr><tr><td style="white-space:nowrap">100000000524<a name="country-ema-cs-100000000524"> </a></td><td>Republic of Slovenia</td></tr><tr><td style="white-space:nowrap">100000000554<a name="country-ema-cs-100000000554"> </a></td><td>Ukraine</td></tr><tr><td style="white-space:nowrap">100000000556<a name="country-ema-cs-100000000556"> </a></td><td>United Kingdom of Great Britain and Northern Ireland</td></tr><tr><td style="white-space:nowrap">100000000326<a name="country-ema-cs-100000000326"> </a></td><td>Republic of Armenia</td></tr><tr><td style="white-space:nowrap">100000000518<a name="country-ema-cs-100000000518"> </a></td><td>Republic of Serbia</td></tr><tr><td style="white-space:nowrap">100000000331<a name="country-ema-cs-100000000331"> </a></td><td>Republic of Azerbaijan</td></tr><tr><td style="white-space:nowrap">100000000336<a name="country-ema-cs-100000000336"> </a></td><td>Republic of Belarus</td></tr><tr><td style="white-space:nowrap">100000000337<a name="country-ema-cs-100000000337"> </a></td><td>Kingdom of Belgium</td></tr><tr><td style="white-space:nowrap">240000000000<a name="country-ema-cs-240000000000"> </a></td><td>United Kingdom (Northern Ireland)</td></tr><tr><td style="white-space:nowrap">100000000373<a name="country-ema-cs-100000000373"> </a></td><td>Republic of Croatia</td></tr><tr><td style="white-space:nowrap">100000000376<a name="country-ema-cs-100000000376"> </a></td><td>Czech Republic</td></tr><tr><td style="white-space:nowrap">100000000377<a name="country-ema-cs-100000000377"> </a></td><td>Kingdom of Denmark</td></tr><tr><td style="white-space:nowrap">100000000403<a name="country-ema-cs-100000000403"> </a></td><td>Federal Republic of Germany</td></tr><tr><td style="white-space:nowrap">100000000406<a name="country-ema-cs-100000000406"> </a></td><td>Hellenic Republic</td></tr><tr><td style="white-space:nowrap">100000000317<a name="country-ema-cs-100000000317"> </a></td><td>Republic of Albania</td></tr><tr><td style="white-space:nowrap">100000000343<a name="country-ema-cs-100000000343"> </a></td><td>Bosnia and Herzegovina</td></tr><tr><td style="white-space:nowrap">100000000402<a name="country-ema-cs-100000000402"> </a></td><td>Georgia</td></tr><tr><td style="white-space:nowrap">100000000427<a name="country-ema-cs-100000000427"> </a></td><td>Ireland</td></tr><tr><td style="white-space:nowrap">100000000435<a name="country-ema-cs-100000000435"> </a></td><td>Republic of Kazakhstan</td></tr><tr><td style="white-space:nowrap">100000000467<a name="country-ema-cs-100000000467"> </a></td><td>Republic of Moldova</td></tr><tr><td style="white-space:nowrap">100000000501<a name="country-ema-cs-100000000501"> </a></td><td>Portuguese Republic</td></tr><tr><td style="white-space:nowrap">100000000549<a name="country-ema-cs-100000000549"> </a></td><td>Republic of Turkey</td></tr></table></div>
  </text>
  <url value="https://spor.ema.europa.eu/v1/lists/100000000002"/>
  <version value="0.1.0"/>
  <name value="Country_EMA_CS"/>
  <title value="Country EMA"/>
  <status value="draft"/>
  <experimental value="false"/>
  <date value="2023-05-05T14:19:24+00:00"/>
  <publisher value="UNICOM"/>
  <contact>
    <name value="UNICOM"/>
    <telecom>
      <system value="url"/>
      <value value="http://unicom-project.eu"/>
    </telecom>
  </contact>
  <description value="Country codes by EMA. Based on ISO 3166-1-2, recoded with RMS codes."/>
  <caseSensitive value="true"/>
  <compositional value="false"/>
  <content value="complete"/>
  <count value="265"/>
  <concept>
    <code value="100000000344"/>
    <display value="Republic of Botswana"/>
  </concept>
  <concept>
    <code value="100000000552"/>
    <display value="Tuvalu"/>
  </concept>
  <concept>
    <code value="100000000537"/>
    <display value="Syrian Arab Republic"/>
  </concept>
  <concept>
    <code value="100000000504"/>
    <display value="Department of R'union"/>
  </concept>
  <concept>
    <code value="100000000354"/>
    <display value="Canada"/>
  </concept>
  <concept>
    <code value="100000000446"/>
    <display value="Republic of Liberia"/>
  </concept>
  <concept>
    <code value="100000000431"/>
    <display value="Jamaica"/>
  </concept>
  <concept>
    <code value="100000000401"/>
    <display value="Republic of the Gambia"/>
  </concept>
  <concept>
    <code value="100000000393"/>
    <display value="Republic of the Fiji Islands"/>
  </concept>
  <concept>
    <code value="100000000342"/>
    <display value="Plurinational State of Bolivia"/>
  </concept>
  <concept>
    <code value="100000000442"/>
    <display value="Lao People's Democratic Republic"/>
  </concept>
  <concept>
    <code value="100000000542"/>
    <display value="Timor-Leste"/>
  </concept>
  <concept>
    <code value="100000000335"/>
    <display value="Barbados"/>
  </concept>
  <concept>
    <code value="100000000521"/>
    <display value="Republic of Sierra Leone"/>
  </concept>
  <concept>
    <code value="100000000548"/>
    <display value="Republic of Tunisia"/>
  </concept>
  <concept>
    <code value="100000000469"/>
    <display value="Mongolia"/>
  </concept>
  <concept>
    <code value="100000000386"/>
    <display value="Republic of Equatorial Guinea"/>
  </concept>
  <concept>
    <code value="100000000445"/>
    <display value="Kingdom of Lesotho"/>
  </concept>
  <concept>
    <code value="100000000496"/>
    <display value="Republic of Paraguay"/>
  </concept>
  <concept>
    <code value="100000000379"/>
    <display value="Republic of Djibouti"/>
  </concept>
  <concept>
    <code value="100000000558"/>
    <display value="United States Minor Outlying Islands"/>
  </concept>
  <concept>
    <code value="100000000384"/>
    <display value="Arab Republic of Egypt"/>
  </concept>
  <concept>
    <code value="100000000534"/>
    <display value="Kingdom of Eswatini"/>
  </concept>
  <concept>
    <code value="100000000450"/>
    <display value="Republic of Lithuania"/>
  </concept>
  <concept>
    <code value="100000000567"/>
    <display value="Territory of the Wallis and Futuna Islands"/>
  </concept>
  <concept>
    <code value="100000000488"/>
    <display value="Commonwealth of the Northern Mariana Islands"/>
  </concept>
  <concept>
    <code value="100000000553"/>
    <display value="Republic of Uganda"/>
  </concept>
  <concept>
    <code value="100000000398"/>
    <display value="Territory of French Polynesia"/>
  </concept>
  <concept>
    <code value="100000000320"/>
    <display value="Principality of Andorra"/>
  </concept>
  <concept>
    <code value="100000000362"/>
    <display value="People's Republic of China"/>
  </concept>
  <concept>
    <code value="100000000353"/>
    <display value="Republic of Cameroon"/>
  </concept>
  <concept>
    <code value="100000000540"/>
    <display value="United Republic of Tanzania"/>
  </concept>
  <concept>
    <code value="100000000415"/>
    <display value="Cooperative Republic of Guyana"/>
  </concept>
  <concept>
    <code value="100000000347"/>
    <display value="British Indian Ocean Territory"/>
  </concept>
  <concept>
    <code value="100000000487"/>
    <display value="Territory of Norfolk Island"/>
  </concept>
  <concept>
    <code value="100000000439"/>
    <display value="Republic of Korea"/>
  </concept>
  <concept>
    <code value="100000000497"/>
    <display value="Republic of Peru"/>
  </concept>
  <concept>
    <code value="100000000380"/>
    <display value="Commonwealth of Dominica"/>
  </concept>
  <concept>
    <code value="100000000339"/>
    <display value="Republic of Benin"/>
  </concept>
  <concept>
    <code value="100000000483"/>
    <display value="Republic of Nicaragua"/>
  </concept>
  <concept>
    <code value="100000000368"/>
    <display value="Republic of the Congo"/>
  </concept>
  <concept>
    <code value="100000000352"/>
    <display value="Kingdom of Cambodia"/>
  </concept>
  <concept>
    <code value="100000000345"/>
    <display value="Bouvet Island"/>
  </concept>
  <concept>
    <code value="100000000349"/>
    <display value="Republic of Bulgaria"/>
  </concept>
  <concept>
    <code value="100000000383"/>
    <display value="Republic of Ecuador"/>
  </concept>
  <concept>
    <code value="100000000366"/>
    <display value="Republic of Colombia"/>
  </concept>
  <concept>
    <code value="100000000509"/>
    <display value="Federation of Saint Kitts and Nevis"/>
  </concept>
  <concept>
    <code value="100000000389"/>
    <display value="Federal Democratic Republic of Ethiopia"/>
  </concept>
  <concept>
    <code value="100000000385"/>
    <display value="Republic of El Salvador"/>
  </concept>
  <concept>
    <code value="100000000454"/>
    <display value="Republic of Madagascar"/>
  </concept>
  <concept>
    <code value="100000000443"/>
    <display value="Republic of Latvia"/>
  </concept>
  <concept>
    <code value="100000000512"/>
    <display value="Saint Vincent and the Grenadines"/>
  </concept>
  <concept>
    <code value="100000000493"/>
    <display value="Occupied Palestinian Territory"/>
  </concept>
  <concept>
    <code value="100000000410"/>
    <display value="Territory of Guam"/>
  </concept>
  <concept>
    <code value="100000000463"/>
    <display value="Republic of Mauritius"/>
  </concept>
  <concept>
    <code value="100000000428"/>
    <display value="Isle of Man"/>
  </concept>
  <concept>
    <code value="100000000360"/>
    <display value="Republic of Chad"/>
  </concept>
  <concept>
    <code value="100000000571"/>
    <display value="Republic of Zambia"/>
  </concept>
  <concept>
    <code value="100000000429"/>
    <display value="State of Israel"/>
  </concept>
  <concept>
    <code value="100000000424"/>
    <display value="Republic of Indonesia"/>
  </concept>
  <concept>
    <code value="100000000464"/>
    <display value="Territorial Collectivity of Mayotte"/>
  </concept>
  <concept>
    <code value="200000016424"/>
    <display value="Cura'ao"/>
  </concept>
  <concept>
    <code value="100000000495"/>
    <display value="Independent State of Papua New Guinea"/>
  </concept>
  <concept>
    <code value="100000000511"/>
    <display value="Territorial Collectivity of Saint Pierre and Miquelon"/>
  </concept>
  <concept>
    <code value="100000000465"/>
    <display value="United Mexican States"/>
  </concept>
  <concept>
    <code value="100000000503"/>
    <display value="State of Qatar"/>
  </concept>
  <concept>
    <code value="100000000543"/>
    <display value="Togolese Republic"/>
  </concept>
  <concept>
    <code value="100000000390"/>
    <display value="European Union"/>
  </concept>
  <concept>
    <code value="100000000507"/>
    <display value="Republic of Rwanda"/>
  </concept>
  <concept>
    <code value="100000000461"/>
    <display value="Department of Martinique"/>
  </concept>
  <concept>
    <code value="100000000400"/>
    <display value="Gabonese Republic"/>
  </concept>
  <concept>
    <code value="100000000423"/>
    <display value="Republic of India"/>
  </concept>
  <concept>
    <code value="100000000456"/>
    <display value="Malaysia"/>
  </concept>
  <concept>
    <code value="100000000451"/>
    <display value="Grand Duchy of Luxembourg"/>
  </concept>
  <concept>
    <code value="100000000535"/>
    <display value="Kingdom of Sweden"/>
  </concept>
  <concept>
    <code value="100000110973"/>
    <display value="Republic of Kosovo"/>
  </concept>
  <concept>
    <code value="100000000441"/>
    <display value="Kyrgyz Republic"/>
  </concept>
  <concept>
    <code value="100000000350"/>
    <display value="Burkina Faso"/>
  </concept>
  <concept>
    <code value="100000000536"/>
    <display value="Swiss Confederation"/>
  </concept>
  <concept>
    <code value="100000000356"/>
    <display value="Republic of Cape Verde"/>
  </concept>
  <concept>
    <code value="100000000486"/>
    <display value="Republic of Niue"/>
  </concept>
  <concept>
    <code value="100000000388"/>
    <display value="Republic of Estonia"/>
  </concept>
  <concept>
    <code value="100000000417"/>
    <display value="Territory of Heard Island and McDonald Islands"/>
  </concept>
  <concept>
    <code value="100000000416"/>
    <display value="Republic of Haiti"/>
  </concept>
  <concept>
    <code value="100000000414"/>
    <display value="Republic of Guinea-Bissau"/>
  </concept>
  <concept>
    <code value="100000000526"/>
    <display value="Somalia"/>
  </concept>
  <concept>
    <code value="100000000491"/>
    <display value="Islamic Republic of Pakistan"/>
  </concept>
  <concept>
    <code value="100000000333"/>
    <display value="Kingdom of Bahrain"/>
  </concept>
  <concept>
    <code value="100000000405"/>
    <display value="Gibraltar"/>
  </concept>
  <concept>
    <code value="100000000566"/>
    <display value="Virgin Islands of the United States"/>
  </concept>
  <concept>
    <code value="100000000565"/>
    <display value="British Virgin Islands"/>
  </concept>
  <concept>
    <code value="100000000397"/>
    <display value="Department of French Guiana"/>
  </concept>
  <concept>
    <code value="100000000316"/>
    <display value="'land Islands"/>
  </concept>
  <concept>
    <code value="100000000478"/>
    <display value="Kingdom of the Netherlands"/>
  </concept>
  <concept>
    <code value="100000000550"/>
    <display value="Turkmenistan"/>
  </concept>
  <concept>
    <code value="100000110993"/>
    <display value="Saint Martin (French Part)"/>
  </concept>
  <concept>
    <code value="100000000563"/>
    <display value="Bolivarian Republic of Venezuela"/>
  </concept>
  <concept>
    <code value="100000000332"/>
    <display value="The Commonwealth of the Bahamas"/>
  </concept>
  <concept>
    <code value="100000000438"/>
    <display value="Democratic People's Republic of Korea"/>
  </concept>
  <concept>
    <code value="100000000561"/>
    <display value="Republic of Uzbekistan"/>
  </concept>
  <concept>
    <code value="100000000419"/>
    <display value="Republic of Honduras"/>
  </concept>
  <concept>
    <code value="100000000411"/>
    <display value="Republic of Guatemala"/>
  </concept>
  <concept>
    <code value="100000000538"/>
    <display value="Taiwan"/>
  </concept>
  <concept>
    <code value="100000000546"/>
    <display value="Republic of Trinidad and Tobago"/>
  </concept>
  <concept>
    <code value="100000000394"/>
    <display value="Republic of Finland"/>
  </concept>
  <concept>
    <code value="100000000525"/>
    <display value="Solomon Islands"/>
  </concept>
  <concept>
    <code value="100000000544"/>
    <display value="Tokelau"/>
  </concept>
  <concept>
    <code value="100000000404"/>
    <display value="Republic of Ghana"/>
  </concept>
  <concept>
    <code value="100000000572"/>
    <display value="Republic of Zimbabwe"/>
  </concept>
  <concept>
    <code value="100000000318"/>
    <display value="People's Democratic Republic of Algeria"/>
  </concept>
  <concept>
    <code value="100000000391"/>
    <display value="Faeroe Islands"/>
  </concept>
  <concept>
    <code value="100000000433"/>
    <display value="Jersey"/>
  </concept>
  <concept>
    <code value="100000000357"/>
    <display value="Cayman Islands"/>
  </concept>
  <concept>
    <code value="100000000369"/>
    <display value="Democratic Republic of the Congo"/>
  </concept>
  <concept>
    <code value="100000000340"/>
    <display value="Bermuda"/>
  </concept>
  <concept>
    <code value="100000000413"/>
    <display value="Republic of Guinea"/>
  </concept>
  <concept>
    <code value="100000000329"/>
    <display value="Commonwealth of Australia"/>
  </concept>
  <concept>
    <code value="100000000375"/>
    <display value="Republic of Cyprus"/>
  </concept>
  <concept>
    <code value="100000000530"/>
    <display value="Democratic Socialist Republic of Sri Lanka"/>
  </concept>
  <concept>
    <code value="100000000408"/>
    <display value="Grenada"/>
  </concept>
  <concept>
    <code value="100000000444"/>
    <display value="Lebanese Republic"/>
  </concept>
  <concept>
    <code value="100000000527"/>
    <display value="Republic of South Africa"/>
  </concept>
  <concept>
    <code value="100000000533"/>
    <display value="Svalbard and Jan Mayen Islands"/>
  </concept>
  <concept>
    <code value="100000000505"/>
    <display value="Romania"/>
  </concept>
  <concept>
    <code value="100000000392"/>
    <display value="Falkland Islands"/>
  </concept>
  <concept>
    <code value="100000000472"/>
    <display value="Kingdom of Morocco"/>
  </concept>
  <concept>
    <code value="100000110974"/>
    <display value="Saint Barthelemy"/>
  </concept>
  <concept>
    <code value="100000000473"/>
    <display value="Republic of Mozambique"/>
  </concept>
  <concept>
    <code value="100000000568"/>
    <display value="Western Sahara"/>
  </concept>
  <concept>
    <code value="100000000370"/>
    <display value="Cook Islands"/>
  </concept>
  <concept>
    <code value="100000000330"/>
    <display value="Republic of Austria"/>
  </concept>
  <concept>
    <code value="100000000520"/>
    <display value="Republic of Seychelles"/>
  </concept>
  <concept>
    <code value="100000000363"/>
    <display value="Christmas Island Territory"/>
  </concept>
  <concept>
    <code value="100000000358"/>
    <display value="Central African Republic"/>
  </concept>
  <concept>
    <code value="100000000418"/>
    <display value="the Holy See (Vatican City State)"/>
  </concept>
  <concept>
    <code value="100000000395"/>
    <display value="French Republic"/>
  </concept>
  <concept>
    <code value="100000000315"/>
    <display value="Islamic Republic of Afghanistan"/>
  </concept>
  <concept>
    <code value="100000000346"/>
    <display value="Federative Republic of Brazil"/>
  </concept>
  <concept>
    <code value="100000000455"/>
    <display value="Republic of Malawi"/>
  </concept>
  <concept>
    <code value="100000000361"/>
    <display value="Republic of Chile"/>
  </concept>
  <concept>
    <code value="200000010721"/>
    <display value="Other countries"/>
  </concept>
  <concept>
    <code value="100000000528"/>
    <display value="South Georgia and the South Sandwich Islands"/>
  </concept>
  <concept>
    <code value="100000000515"/>
    <display value="Democratic Republic of S'o Tom' and Pr'ncipe"/>
  </concept>
  <concept>
    <code value="100000000564"/>
    <display value="Socialist Republic of Viet Nam"/>
  </concept>
  <concept>
    <code value="100000000321"/>
    <display value="Republic of Angola"/>
  </concept>
  <concept>
    <code value="100000000539"/>
    <display value="Republic of Tajikistan"/>
  </concept>
  <concept>
    <code value="100000000476"/>
    <display value="Republic of Nauru"/>
  </concept>
  <concept>
    <code value="100000000499"/>
    <display value="Pitcairn Islands"/>
  </concept>
  <concept>
    <code value="100000000425"/>
    <display value="Islamic Republic of Iran"/>
  </concept>
  <concept>
    <code value="100000000437"/>
    <display value="Republic of Kiribati"/>
  </concept>
  <concept>
    <code value="100000000381"/>
    <display value="Dominican Republic"/>
  </concept>
  <concept>
    <code value="100000000517"/>
    <display value="Republic of Senegal"/>
  </concept>
  <concept>
    <code value="100000000516"/>
    <display value="Kingdom of Saudi Arabia"/>
  </concept>
  <concept>
    <code value="100000000323"/>
    <display value="Antarctica"/>
  </concept>
  <concept>
    <code value="100000000555"/>
    <display value="United Arab Emirates"/>
  </concept>
  <concept>
    <code value="100000000569"/>
    <display value="Republic of Yemen"/>
  </concept>
  <concept>
    <code value="100000000407"/>
    <display value="Greenland"/>
  </concept>
  <concept>
    <code value="100000000502"/>
    <display value="Commonwealth of Puerto Rico"/>
  </concept>
  <concept>
    <code value="100000000531"/>
    <display value="Republic of Sudan"/>
  </concept>
  <concept>
    <code value="100000000372"/>
    <display value="Republic of C'te d'Ivoire"/>
  </concept>
  <concept>
    <code value="100000000325"/>
    <display value="Argentine Republic"/>
  </concept>
  <concept>
    <code value="100000000557"/>
    <display value="United States of America"/>
  </concept>
  <concept>
    <code value="100000000500"/>
    <display value="Republic of Poland"/>
  </concept>
  <concept>
    <code value="100000000532"/>
    <display value="Republic of Suriname"/>
  </concept>
  <concept>
    <code value="100000000399"/>
    <display value="French Southern Territories"/>
  </concept>
  <concept>
    <code value="100000000485"/>
    <display value="Federal Republic of Nigeria"/>
  </concept>
  <concept>
    <code value="100000000448"/>
    <display value="Great Socialist People's Libyan Arab Jamahiriya"/>
  </concept>
  <concept>
    <code value="100000000409"/>
    <display value="Department of Guadeloupe"/>
  </concept>
  <concept>
    <code value="100000000551"/>
    <display value="Turks and Caicos Islands"/>
  </concept>
  <concept>
    <code value="100000000541"/>
    <display value="Kingdom of Thailand"/>
  </concept>
  <concept>
    <code value="100000000458"/>
    <display value="Republic of Mali"/>
  </concept>
  <concept>
    <code value="100000000422"/>
    <display value="Republic of Iceland"/>
  </concept>
  <concept>
    <code value="100000000510"/>
    <display value="Saint Lucia"/>
  </concept>
  <concept>
    <code value="100000000338"/>
    <display value="Belize"/>
  </concept>
  <concept>
    <code value="100000000471"/>
    <display value="Montserrat"/>
  </concept>
  <concept>
    <code value="100000000348"/>
    <display value="Negara Brunei Darussalam"/>
  </concept>
  <concept>
    <code value="100000000319"/>
    <display value="Territory of American Samoa"/>
  </concept>
  <concept>
    <code value="100000000432"/>
    <display value="Japan"/>
  </concept>
  <concept>
    <code value="100000000559"/>
    <display value="Eastern Republic of Uruguay"/>
  </concept>
  <concept>
    <code value="100000000477"/>
    <display value="Federal Democratic Republic of Nepal"/>
  </concept>
  <concept>
    <code value="100000000434"/>
    <display value="Hashemite Kingdom of Jordan"/>
  </concept>
  <concept>
    <code value="100000000481"/>
    <display value="Territory of New Caledonia and Dependencies"/>
  </concept>
  <concept>
    <code value="100000000466"/>
    <display value="Federated States of Micronesia"/>
  </concept>
  <concept>
    <code value="100000000492"/>
    <display value="Republic of Palau"/>
  </concept>
  <concept>
    <code value="100000000513"/>
    <display value="Independent State of Samoa"/>
  </concept>
  <concept>
    <code value="100000000412"/>
    <display value="Guernsey"/>
  </concept>
  <concept>
    <code value="100000000334"/>
    <display value="People's Republic of Bangladesh"/>
  </concept>
  <concept>
    <code value="100000000460"/>
    <display value="Republic of the Marshall Islands"/>
  </concept>
  <concept>
    <code value="100000000341"/>
    <display value="Kingdom of Bhutan"/>
  </concept>
  <concept>
    <code value="100000000522"/>
    <display value="Republic of Singapore"/>
  </concept>
  <concept>
    <code value="100000000494"/>
    <display value="Republic of Panama"/>
  </concept>
  <concept>
    <code value="100000000529"/>
    <display value="Kingdom of Spain"/>
  </concept>
  <concept>
    <code value="100000000374"/>
    <display value="Republic of Cuba"/>
  </concept>
  <concept>
    <code value="100000000482"/>
    <display value="New Zealand"/>
  </concept>
  <concept>
    <code value="100000000351"/>
    <display value="Republic of Burundi"/>
  </concept>
  <concept>
    <code value="100000000475"/>
    <display value="Republic of Namibia"/>
  </concept>
  <concept>
    <code value="100000000420"/>
    <display value="Hong Kong Special Administrative Region of the People's Republic of China"/>
  </concept>
  <concept>
    <code value="100000000387"/>
    <display value="State of Eritrea"/>
  </concept>
  <concept>
    <code value="100000000462"/>
    <display value="Islamic Republic of Mauritania"/>
  </concept>
  <concept>
    <code value="100000000474"/>
    <display value="Union of Myanmar"/>
  </concept>
  <concept>
    <code value="100000000562"/>
    <display value="Republic of Vanuatu"/>
  </concept>
  <concept>
    <code value="100000000545"/>
    <display value="Kingdom of Tonga"/>
  </concept>
  <concept>
    <code value="100000000371"/>
    <display value="Republic of Costa Rica"/>
  </concept>
  <concept>
    <code value="100000000365"/>
    <display value="Territory of Cocos (Keeling) Islands"/>
  </concept>
  <concept>
    <code value="100000000327"/>
    <display value="Aruba"/>
  </concept>
  <concept>
    <code value="100000000498"/>
    <display value="Republic of the Philippines"/>
  </concept>
  <concept>
    <code value="100000000457"/>
    <display value="Republic of Maldives"/>
  </concept>
  <concept>
    <code value="100000000324"/>
    <display value="Antigua and Barbuda"/>
  </concept>
  <concept>
    <code value="100000000436"/>
    <display value="Republic of Kenya"/>
  </concept>
  <concept>
    <code value="100000000440"/>
    <display value="State of Kuwait"/>
  </concept>
  <concept>
    <code value="100000000490"/>
    <display value="Sultanate of Oman"/>
  </concept>
  <concept>
    <code value="100000000426"/>
    <display value="Republic of Iraq"/>
  </concept>
  <concept>
    <code value="100000000322"/>
    <display value="Anguilla"/>
  </concept>
  <concept>
    <code value="100000000459"/>
    <display value="Republic of Malta"/>
  </concept>
  <concept>
    <code value="100000000367"/>
    <display value="Union of the Comoros"/>
  </concept>
  <concept>
    <code value="100000000508"/>
    <display value="Saint Helena"/>
  </concept>
  <concept>
    <code value="100000000560"/>
    <display value="Union of Soviet Socialist Republics"/>
  </concept>
  <concept>
    <code value="100000000355"/>
    <display value="Autonomous Community of the Canary Islands"/>
  </concept>
  <concept>
    <code value="100000000378"/>
    <display value="Diego Garcia"/>
  </concept>
  <concept>
    <code value="100000000570"/>
    <display value="Yugoslavia"/>
  </concept>
  <concept>
    <code value="100000000382"/>
    <display value="Democratic Republic of East Timor"/>
  </concept>
  <concept>
    <code value="100000000447"/>
    <display value="Libya Fezzan"/>
  </concept>
  <concept>
    <code value="100000000396"/>
    <display value="Metropolitan France"/>
  </concept>
  <concept>
    <code value="100000000547"/>
    <display value="Tristan da Cunha"/>
  </concept>
  <concept>
    <code value="100000000480"/>
    <display value="Neutral Zone"/>
  </concept>
  <concept>
    <code value="100000000359"/>
    <display value="Ceuta"/>
  </concept>
  <concept>
    <code value="100000000364"/>
    <display value="Clipperton Island"/>
  </concept>
  <concept>
    <code value="100000000479"/>
    <display value="Netherlands Antilles"/>
  </concept>
  <concept>
    <code value="100000000328"/>
    <display value="Ascension Island"/>
  </concept>
  <concept>
    <code value="100000000519"/>
    <display value="State Union of Serbia and Montenegro"/>
  </concept>
  <concept>
    <code value="200000026063"/>
    <display value="Republic of South Sudan"/>
  </concept>
  <concept>
    <code value="100000000421"/>
    <display value="Republic of Hungary"/>
  </concept>
  <concept>
    <code value="100000000430"/>
    <display value="Italian Republic"/>
  </concept>
  <concept>
    <code value="100000000449"/>
    <display value="Principality of Liechtenstein"/>
  </concept>
  <concept>
    <code value="100000000452"/>
    <display value="Macao Special Administrative Region of the People's Republic of China"/>
  </concept>
  <concept>
    <code value="100000000453"/>
    <display value="Republic of North Macedonia"/>
  </concept>
  <concept>
    <code value="100000000468"/>
    <display value="Principality of Monaco"/>
  </concept>
  <concept>
    <code value="100000000470"/>
    <display value="Montenegro"/>
  </concept>
  <concept>
    <code value="100000000484"/>
    <display value="Republic of Niger"/>
  </concept>
  <concept>
    <code value="100000000489"/>
    <display value="Kingdom of Norway"/>
  </concept>
  <concept>
    <code value="100000000506"/>
    <display value="Russian Federation"/>
  </concept>
  <concept>
    <code value="100000000514"/>
    <display value="Republic of San Marino"/>
  </concept>
  <concept>
    <code value="100000000523"/>
    <display value="Slovak Republic"/>
  </concept>
  <concept>
    <code value="100000000524"/>
    <display value="Republic of Slovenia"/>
  </concept>
  <concept>
    <code value="100000000554"/>
    <display value="Ukraine"/>
  </concept>
  <concept>
    <code value="100000000556"/>
    <display value="United Kingdom of Great Britain and Northern Ireland"/>
  </concept>
  <concept>
    <code value="100000000326"/>
    <display value="Republic of Armenia"/>
  </concept>
  <concept>
    <code value="100000000518"/>
    <display value="Republic of Serbia"/>
  </concept>
  <concept>
    <code value="100000000331"/>
    <display value="Republic of Azerbaijan"/>
  </concept>
  <concept>
    <code value="100000000336"/>
    <display value="Republic of Belarus"/>
  </concept>
  <concept>
    <code value="100000000337"/>
    <display value="Kingdom of Belgium"/>
  </concept>
  <concept>
    <code value="240000000000"/>
    <display value="United Kingdom (Northern Ireland)"/>
  </concept>
  <concept>
    <code value="100000000373"/>
    <display value="Republic of Croatia"/>
  </concept>
  <concept>
    <code value="100000000376"/>
    <display value="Czech Republic"/>
  </concept>
  <concept>
    <code value="100000000377"/>
    <display value="Kingdom of Denmark"/>
  </concept>
  <concept>
    <code value="100000000403"/>
    <display value="Federal Republic of Germany"/>
  </concept>
  <concept>
    <code value="100000000406"/>
    <display value="Hellenic Republic"/>
  </concept>
  <concept>
    <code value="100000000317"/>
    <display value="Republic of Albania"/>
  </concept>
  <concept>
    <code value="100000000343"/>
    <display value="Bosnia and Herzegovina"/>
  </concept>
  <concept>
    <code value="100000000402"/>
    <display value="Georgia"/>
  </concept>
  <concept>
    <code value="100000000427"/>
    <display value="Ireland"/>
  </concept>
  <concept>
    <code value="100000000435"/>
    <display value="Republic of Kazakhstan"/>
  </concept>
  <concept>
    <code value="100000000467"/>
    <display value="Republic of Moldova"/>
  </concept>
  <concept>
    <code value="100000000501"/>
    <display value="Portuguese Republic"/>
  </concept>
  <concept>
    <code value="100000000549"/>
    <display value="Republic of Turkey"/>
  </concept>
</CodeSystem>