<?xml version="1.0" encoding="UTF-8"?>

<CodeSystem xmlns="http://hl7.org/fhir">
  <id value="recordStatus-ema-cs"/>
  <text>
    <status value="generated"/><div xmlns="http://www.w3.org/1999/xhtml"><p>This code system <code>https://spor.ema.europa.eu/v1/lists/200000005003</code> defines the following codes:</p><table class="codes"><tr><td style="white-space:nowrap"><b>Code</b></td><td><b>Display</b></td></tr><tr><td style="white-space:nowrap">200000005004<a name="recordStatus-ema-cs-200000005004"> </a></td><td>Current</td></tr><tr><td style="white-space:nowrap">200000005005<a name="recordStatus-ema-cs-200000005005"> </a></td><td>Provisional</td></tr><tr><td style="white-space:nowrap">200000005006<a name="recordStatus-ema-cs-200000005006"> </a></td><td>Non-current</td></tr><tr><td style="white-space:nowrap">200000005007<a name="recordStatus-ema-cs-200000005007"> </a></td><td>Nullified</td></tr></table></div>
  </text>
  <url value="https://spor.ema.europa.eu/v1/lists/200000005003"/>
  <version value="0.1.0"/>
  <name value="RecordStatus_EMA_CS"/>
  <title value="Record Status EMA SPOR"/>
  <status value="draft"/>
  <experimental value="false"/>
  <date value="2023-05-05T14:19:24+00:00"/>
  <publisher value="UNICOM"/>
  <contact>
    <name value="UNICOM"/>
    <telecom>
      <system value="url"/>
      <value value="http://unicom-project.eu"/>
    </telecom>
  </contact>
  <description value="Record Entitlement Status EMA SPOR"/>
  <caseSensitive value="false"/>
  <compositional value="false"/>
  <content value="complete"/>
  <count value="4"/>
  <concept>
    <code value="200000005004"/>
    <display value="Current"/>
  </concept>
  <concept>
    <code value="200000005005"/>
    <display value="Provisional"/>
  </concept>
  <concept>
    <code value="200000005006"/>
    <display value="Non-current"/>
  </concept>
  <concept>
    <code value="200000005007"/>
    <display value="Nullified"/>
  </concept>
</CodeSystem>