<?xml version="1.0" encoding="UTF-8"?>

<SearchParameter xmlns="http://hl7.org/fhir">
  <id value="strength-ratio-and-substance"/>
  <text>
    <status value="generated"/><div xmlns="http://www.w3.org/1999/xhtml"><h2>strength-ratio-and-substance</h2><p>Parameter <code>strength-ratio-and-substance</code>:<code>composite</code></p><div><p>Possiblity to search for substance and strength at the same time</p>
</div><table class="grid"><tr><td>Resource</td><td><a href="http://hl7.org/fhir/R5/ingredient.html">Ingredient</a></td></tr><tr><td>Expression</td><td><code>Ingredient.substance</code></td></tr><tr><td>Processing Mode</td><td>Normal</td></tr><tr><td>Multiples</td><td>The parameter cannot repeat or have multiple values</td></tr></table><p><b>Components</b></p><table class="grid"><tr><td>http://hl7.org/fhir/SearchParameter/Ingredient-substance-code</td><td><code>code.concept</code></td></tr><tr><td><a href="SearchParameter-strength-presentation-ratio-numerator.html">strength-presentation-ratio-numerator</a></td><td><code>strength.presentation.ofType(Ratio).numerator</code></td></tr></table></div>
  </text>
  <url value="http://unicom-project.eu/fhir/SearchParameter/strength-ratio-and-substance"/>
  <version value="0.1.0"/>
  <name value="strength-ratio-and-substance"/>
  <status value="active"/>
  <date value="2023-05-05T14:19:24+00:00"/>
  <publisher value="UNICOM"/>
  <contact>
    <name value="UNICOM"/>
    <telecom>
      <system value="url"/>
      <value value="http://unicom-project.eu"/>
    </telecom>
  </contact>
  <description value="Possiblity to search for substance and strength at the same time"/>
  <code value="strength-ratio-and-substance"/>
  <base value="Ingredient"/>
  <type value="composite"/>
  <expression value="Ingredient.substance"/>
  <processingMode value="normal"/>
  <component>
    <definition value="http://hl7.org/fhir/SearchParameter/Ingredient-substance-code"/>
    <expression value="code.concept"/>
  </component>
  <component>
    <definition value="http://unicom-project.eu/fhir/SearchParameter/strength-presentation-ratio-numerator"/>
    <expression value="strength.presentation.ofType(Ratio).numerator"/>
  </component>
</SearchParameter>