<?xml version="1.0" encoding="UTF-8"?>

<ValueSet xmlns="http://hl7.org/fhir">
  <id value="intended-site"/>
  <text>
    <status value="generated"/><div xmlns="http://www.w3.org/1999/xhtml"><ul><li>Include these codes as defined in <code>https://standardterms.edqm.eu</code><table class="none"><tr><td style="white-space:nowrap"><b>Code</b></td><td><b>Display</b></td></tr><tr><td>0021</td><td>Auricular</td></tr><tr><td>0022</td><td>Cutaneous/Transdermal</td></tr><tr><td>0023</td><td>Dental</td></tr><tr><td>0024</td><td>Environmental</td></tr><tr><td>0025</td><td>Extracorporeal</td></tr><tr><td>0026</td><td>Intramammary</td></tr><tr><td>0027</td><td>Intrauterine</td></tr><tr><td>0028</td><td>Intravesical/Urethral</td></tr><tr><td>0029</td><td>Nasal</td></tr><tr><td>0030</td><td>Ocular</td></tr><tr><td>0031</td><td>Oral</td></tr><tr><td>0032</td><td>Oromucosal</td></tr><tr><td>0033</td><td>Parenteral</td></tr><tr><td>0034</td><td>Pulmonary</td></tr><tr><td>0035</td><td>Rectal</td></tr><tr><td>0036</td><td>Vaginal</td></tr><tr><td>0037</td><td>Unknown/Miscellaneous</td></tr><tr><td>0105</td><td>Endocervical</td></tr><tr><td>0106</td><td>Gastric</td></tr><tr><td>0107</td><td>Gastroenteral</td></tr><tr><td>0108</td><td>Intestinal</td></tr><tr><td>0109</td><td>Intraperitoneal</td></tr><tr><td>0110</td><td>Oculonasal</td></tr></table></li></ul></div>
  </text>
  <url value="http://unicom-project.eu/fhir/ValueSet/intended-site"/>
  <version value="0.1.0"/>
  <name value="IntendedSite"/>
  <title value="EDQM Intended Site"/>
  <status value="active"/>
  <experimental value="false"/>
  <date value="2023-05-05T14:19:24+00:00"/>
  <publisher value="UNICOM"/>
  <contact>
    <name value="UNICOM"/>
    <telecom>
      <system value="url"/>
      <value value="http://unicom-project.eu"/>
    </telecom>
  </contact>
  <description value="ValueSet Intended site from EDQM, ISI, see https://standardterms.edqm.eu/#"/>
  <immutable value="false"/>
  <compose>
    <include>
      <system value="https://standardterms.edqm.eu"/>
      <concept>
        <code value="0021"/>
        <display value="Auricular"/>
      </concept>
      <concept>
        <code value="0022"/>
        <display value="Cutaneous/Transdermal"/>
      </concept>
      <concept>
        <code value="0023"/>
        <display value="Dental"/>
      </concept>
      <concept>
        <code value="0024"/>
        <display value="Environmental"/>
      </concept>
      <concept>
        <code value="0025"/>
        <display value="Extracorporeal"/>
      </concept>
      <concept>
        <code value="0026"/>
        <display value="Intramammary"/>
      </concept>
      <concept>
        <code value="0027"/>
        <display value="Intrauterine"/>
      </concept>
      <concept>
        <code value="0028"/>
        <display value="Intravesical/Urethral"/>
      </concept>
      <concept>
        <code value="0029"/>
        <display value="Nasal"/>
      </concept>
      <concept>
        <code value="0030"/>
        <display value="Ocular"/>
      </concept>
      <concept>
        <code value="0031"/>
        <display value="Oral"/>
      </concept>
      <concept>
        <code value="0032"/>
        <display value="Oromucosal"/>
      </concept>
      <concept>
        <code value="0033"/>
        <display value="Parenteral"/>
      </concept>
      <concept>
        <code value="0034"/>
        <display value="Pulmonary"/>
      </concept>
      <concept>
        <code value="0035"/>
        <display value="Rectal"/>
      </concept>
      <concept>
        <code value="0036"/>
        <display value="Vaginal"/>
      </concept>
      <concept>
        <code value="0037"/>
        <display value="Unknown/Miscellaneous"/>
      </concept>
      <concept>
        <code value="0105"/>
        <display value="Endocervical"/>
      </concept>
      <concept>
        <code value="0106"/>
        <display value="Gastric"/>
      </concept>
      <concept>
        <code value="0107"/>
        <display value="Gastroenteral"/>
      </concept>
      <concept>
        <code value="0108"/>
        <display value="Intestinal"/>
      </concept>
      <concept>
        <code value="0109"/>
        <display value="Intraperitoneal"/>
      </concept>
      <concept>
        <code value="0110"/>
        <display value="Oculonasal"/>
      </concept>
    </include>
  </compose>
</ValueSet>