{
  "resourceType" : "ValueSet",
  "id" : "language-bcp-vs",
  "text" : {
    "status" : "generated",
    "div" : "<div xmlns=\"http://www.w3.org/1999/xhtml\"><ul><li>Include all codes defined in <code>http://hl7.org/fhir/ValueSet/all-languages</code></li></ul></div>"
  },
  "url" : "http://unicom-project.eu/fhir/ValueSet/language-bcp-vs",
  "version" : "0.1.0",
  "name" : "LanguageBCP",
  "title" : "Language (FHIR)",
  "status" : "active",
  "experimental" : false,
  "date" : "2023-05-05T14:19:24+00:00",
  "publisher" : "UNICOM",
  "contact" : [{
    "name" : "UNICOM",
    "telecom" : [{
      "system" : "url",
      "value" : "http://unicom-project.eu"
    }]
  }],
  "description" : "All languages",
  "compose" : {
    "include" : [{
      "system" : "http://hl7.org/fhir/ValueSet/all-languages"
    }]
  }
}