<?xml version="1.0" encoding="UTF-8"?>

<ValueSet xmlns="http://hl7.org/fhir">
  <id value="country-iso-vs"/>
  <text>
    <status value="generated"/><div xmlns="http://www.w3.org/1999/xhtml"><ul><li>Include all codes defined in <code>https://www.hl7.org/fhir/valueset-country.html</code></li></ul></div>
  </text>
  <url value="http://unicom-project.eu/fhir/ValueSet/country-iso-vs"/>
  <version value="0.1.0"/>
  <name value="CountryISO"/>
  <title value="Country (ISO 3166-1-2)"/>
  <status value="active"/>
  <experimental value="false"/>
  <date value="2023-05-05T14:19:24+00:00"/>
  <publisher value="UNICOM"/>
  <contact>
    <name value="UNICOM"/>
    <telecom>
      <system value="url"/>
      <value value="http://unicom-project.eu"/>
    </telecom>
  </contact>
  <description value="Countries"/>
  <compose>
    <include>
      <system value="https://www.hl7.org/fhir/valueset-country.html"/>
    </include>
  </compose>
</ValueSet>