<?xml version="1.0" encoding="UTF-8"?><CodeSystem xmlns="http://hl7.org/fhir"><id value="domain-ema-cs"/><text><status value="generated"/><div xmlns="http://www.w3.org/1999/xhtml"><p>This code system <code>https://spor.ema.europa.eu/v1/lists/100000000004</code> defines the following codes:</p><table class="codes"><tr><td style="white-space:nowrap"><b>Code</b></td><td><b>Display</b></td></tr><tr><td style="white-space:nowrap">100000000012<a name="domain-ema-cs-100000000012"> </a></td><td>Human use</td></tr><tr><td style="white-space:nowrap">100000000013<a name="domain-ema-cs-100000000013"> </a></td><td>Veterinary use</td></tr><tr><td style="white-space:nowrap">100000000014<a name="domain-ema-cs-100000000014"> </a></td><td>Human and Veterinary use</td></tr></table></div></text><url value="https://spor.ema.europa.eu/v1/lists/100000000004"/><version value="0.1.0"/><name value="Domain_EMA_CS"/><title value="Domain EMA"/><status value="draft"/><experimental value="false"/><date value="2023-05-05T14:19:24+00:00"/><publisher value="UNICOM"/><contact><name value="UNICOM"/><telecom><system value="url"/><value value="http://unicom-project.eu"/></telecom></contact><description value="Domain of the medicinal product (human, veterinary, both)"/><caseSensitive value="false"/><compositional value="false"/><content value="complete"/><count value="3"/><concept><code value="100000000012"/><display value="Human use"/></concept><concept><code value="100000000013"/><display value="Veterinary use"/></concept><concept><code value="100000000014"/><display value="Human and Veterinary use"/></concept></CodeSystem>