<?xml version="1.0" encoding="UTF-8"?><ValueSet xmlns="http://hl7.org/fhir"><id value="language-ema-vs"/><text><status value="generated"/><div xmlns="http://www.w3.org/1999/xhtml"><ul><li>Include all codes defined in <a href="CodeSystem-language-ema-cs.html"><code>https://spor.ema.europa.eu/v1/lists/100000072057</code></a></li></ul></div></text><url value="http://unicom-project.eu/fhir/ValueSet/language-ema-vs"/><version value="0.1.0"/><name value="LanguageEMA"/><title value="EMA SPOR Language"/><status value="active"/><experimental value="false"/><date value="2023-05-05T14:19:24+00:00"/><publisher value="UNICOM"/><contact><name value="UNICOM"/><telecom><system value="url"/><value value="http://unicom-project.eu"/></telecom></contact><description value="Languages. EMA SPOR RMS list."/><compose><include><system value="https://spor.ema.europa.eu/v1/lists/100000072057"/></include></compose></ValueSet>