<?xml version="1.0" encoding="UTF-8"?><ValueSet xmlns="http://hl7.org/fhir"><id value="marketing-status-spor-vs"/><text><status value="generated"/><div xmlns="http://www.w3.org/1999/xhtml"><ul><li>Include all codes defined in <a href="CodeSystem-Marketing-Status-ema-cs.html"><code>https://spor.ema.europa.eu/v1/lists/100000072052</code></a></li></ul></div></text><url value="http://unicom-project.eu/fhir/ValueSet/marketing-status-spor-vs"/><version value="0.1.0"/><name value="SporMarketingStatus"/><title value="EMA SPOR Marketing Status"/><status value="active"/><experimental value="false"/><date value="2023-05-05T14:19:24+00:00"/><publisher value="UNICOM"/><contact><name value="UNICOM"/><telecom><system value="url"/><value value="http://unicom-project.eu"/></telecom></contact><description value="Marketing Status"/><compose><include><system value="https://spor.ema.europa.eu/v1/lists/100000072052"/></include></compose></ValueSet>