{"resourceType":"SearchParameter","id":"strength-presentation-ratio","text":{"status":"generated","div":"<div xmlns=\"http://www.w3.org/1999/xhtml\"><h2>strength-presentation-ratio</h2><p>Parameter <code>strength-presentation-ratio</code>:<code>composite</code></p><div><p>Possiblity to search for substance and strength at the same time</p>\n</div><table class=\"grid\"><tr><td>Resource</td><td><a href=\"http://hl7.org/fhir/R5/ingredient.html\">Ingredient</a></td></tr><tr><td>Expression</td><td><code>Ingredient.substance.strength.presentation.ofType(Ratio)</code></td></tr><tr><td>Processing Mode</td><td>Normal</td></tr><tr><td>Multiples</td><td>The parameter cannot repeat or have multiple values</td></tr></table><p><b>Components</b></p><table class=\"grid\"><tr><td><a href=\"SearchParameter-strength-presentation-ratio-numerator.html\">strength-presentation-ratio-numerator</a></td><td><code>numerator</code></td></tr><tr><td><a href=\"SearchParameter-strength-presentation-ratio-denominator.html\">strength-presentation-ratio-numerator</a></td><td><code>denominator</code></td></tr></table></div>"},"url":"http://unicom-project.eu/fhir/SearchParameter/strength-presentation-ratio","version":"0.1.0","name":"strength-presentation-ratio","status":"active","date":"2023-05-05T14:19:24+00:00","publisher":"UNICOM","contact":[{"name":"UNICOM","telecom":[{"system":"url","value":"http://unicom-project.eu"}]}],"description":"Possiblity to search for substance and strength at the same time","code":"strength-presentation-ratio","base":["Ingredient"],"type":"composite","expression":"Ingredient.substance.strength.presentation.ofType(Ratio)","processingMode":"normal","component":[{"definition":"http://unicom-project.eu/fhir/SearchParameter/strength-presentation-ratio-numerator","expression":"numerator"},{"definition":"http://unicom-project.eu/fhir/SearchParameter/strength-presentation-ratio-denominator","expression":"denominator"}]}