{"resourceType":"ValueSet","id":"closure","text":{"status":"generated","div":"<div xmlns=\"http://www.w3.org/1999/xhtml\"><ul><li>Include these codes as defined in <code>https://standardterms.edqm.eu</code><table class=\"none\"><tr><td style=\"white-space:nowrap\"><b>Code</b></td><td><b>Display</b></td></tr><tr><td>13070000</td><td>Valve</td></tr><tr><td>13132000</td><td>Lid</td></tr><tr><td>30011000</td><td>Brush applicator</td></tr><tr><td>30013000</td><td>Cap</td></tr><tr><td>30015000</td><td>Child-resistant closure</td></tr><tr><td>30035000</td><td>Metering pump</td></tr><tr><td>30036000</td><td>Metering valve</td></tr><tr><td>30043000</td><td>Needle applicator</td></tr><tr><td>30047000</td><td>Pipette applicator</td></tr><tr><td>30056000</td><td>Screw cap</td></tr><tr><td>30061000</td><td>Spray pump</td></tr><tr><td>30062000</td><td>Spray valve</td></tr><tr><td>30064000</td><td>Stopper</td></tr></table></li></ul><p><b>Additional Language Displays</b></p><table class=\"codes\"><tr><td><b>Code</b></td><td><b>Deutsch (German, de)</b></td><td><b>Greek (el)</b></td><td><b>Spanish (es)</b></td><td><b>French (fr)</b></td><td><b>Italian (it)</b></td><td><b>Portuguese (pt)</b></td></tr><tr><td>13070000</td><td>Ventil</td><td>Βαλβίδα</td><td>Válvula</td><td>Valve</td><td>Valvola</td><td>Válvula</td></tr><tr><td>13132000</td><td>Verschlusskappe</td><td></td><td>Tapa a presión</td><td></td><td>Coperchio di protezione</td><td>Tampa de pressão</td></tr><tr><td>30011000</td><td>Verschluss mit Pinsel</td><td>Ψυκτροφόρο πώμα</td><td>Pincel aplicador</td><td>Embout avec pinceau</td><td>Tappo con applicatore a pennello</td><td>Fecho com pincel</td></tr><tr><td>30013000</td><td>Schutzkappe</td><td>Πώμα</td><td>Cápsula de cierre</td><td>Opercule</td><td>Capsula di chiusura</td><td>Cápsula de fecho</td></tr><tr><td>30015000</td><td>kindergesicherter Verschluss</td><td>Πώμα ασφαλείας για παιδιά</td><td>Cierre de seguridad a prueba de niños</td><td>Fermeture de sécurité enfant</td><td>Chiusura a prova di bambino</td><td>Fecho resistente à abertura por crianças</td></tr><tr><td>30035000</td><td>Dosierpumpe</td><td>Δοσιμετρική αντλία</td><td>Bomba dosificadora</td><td>Pompe doseuse</td><td>Pompa dosatrice</td><td>Fecho com bomba doseadora</td></tr><tr><td>30036000</td><td>Dosierventil</td><td>Δοσιμετρική βαλβίδα</td><td>Válvula dosificadora</td><td>Valve doseuse</td><td>Valvola dosatrice</td><td>Fecho com válvula doseadora</td></tr><tr><td>30043000</td><td>Verschluss mit Nadel</td><td>Σύστημα εφαρμογής με βελόνα</td><td>Cierre con aguja incorporada</td><td>Embout avec aiguille</td><td>Applicatore con ago</td><td>Fecho com agulha</td></tr><tr><td>30047000</td><td>Verschluss mit Pipette</td><td>Ογκομετρικό πώμα</td><td>Pipeta aplicadora</td><td>Embout pipette</td><td>Chiusura con pipetta</td><td>Fecho com pipeta</td></tr><tr><td>30056000</td><td>Schraubdeckel</td><td>Βιδωτό πώμα</td><td>Cierre de rosca</td><td>Bouchon à vis</td><td>Tappo a vite</td><td>Fecho com rosca</td></tr><tr><td>30061000</td><td>Sprühpumpe</td><td>Αντλία ψεκασμού</td><td>Bomba pulverizadora</td><td>Pompe pour pulvérisation</td><td>Pompa spray</td><td>Fecho com bomba nebulizadora</td></tr><tr><td>30062000</td><td>Sprühventil</td><td>Βαλβίδα ψεκασμού</td><td>Válvula pulverizadora</td><td>Valve</td><td>Valvola spray</td><td>Fecho com válvula nebulizadora</td></tr><tr><td>30064000</td><td>Stopfen</td><td>Πώμα εισχώρησης</td><td>Tapón</td><td>Bouchon</td><td>Tappo</td><td>Rolha</td></tr></table></div>"},"url":"http://unicom-project.eu/fhir/ValueSet/closure","version":"0.1.0","name":"Closure","title":"EDQM Closure","status":"active","experimental":false,"date":"2023-05-05T14:19:24+00:00","publisher":"UNICOM","contact":[{"name":"UNICOM","telecom":[{"system":"url","value":"http://unicom-project.eu"}]}],"description":"ValueSet Closure (for package description) from EDQM, CLO, see https://standardterms.edqm.eu/#","immutable":false,"compose":{"include":[{"system":"https://standardterms.edqm.eu","concept":[{"code":"13070000","display":"Valve","designation":[{"language":"de","value":"Ventil"},{"language":"el","value":"Βαλβίδα"},{"language":"es","value":"Válvula"},{"language":"fr","value":"Valve"},{"language":"it","value":"Valvola"},{"language":"pt","value":"Válvula"}]},{"code":"13132000","display":"Lid","designation":[{"language":"de","value":"Verschlusskappe"},{"language":"es","value":"Tapa a presión"},{"language":"it","value":"Coperchio di protezione"},{"language":"pt","value":"Tampa de pressão"}]},{"code":"30011000","display":"Brush applicator","designation":[{"language":"de","value":"Verschluss mit Pinsel"},{"language":"el","value":"Ψυκτροφόρο πώμα"},{"language":"es","value":"Pincel aplicador"},{"language":"fr","value":"Embout avec pinceau"},{"language":"it","value":"Tappo con applicatore a pennello"},{"language":"pt","value":"Fecho com pincel"}]},{"code":"30013000","display":"Cap","designation":[{"language":"de","value":"Schutzkappe"},{"language":"el","value":"Πώμα"},{"language":"es","value":"Cápsula de cierre"},{"language":"fr","value":"Opercule"},{"language":"it","value":"Capsula di chiusura"},{"language":"pt","value":"Cápsula de fecho"}]},{"code":"30015000","display":"Child-resistant closure","designation":[{"language":"de","value":"kindergesicherter Verschluss"},{"language":"el","value":"Πώμα ασφαλείας για παιδιά"},{"language":"es","value":"Cierre de seguridad a prueba de niños"},{"language":"fr","value":"Fermeture de sécurité enfant"},{"language":"it","value":"Chiusura a prova di bambino"},{"language":"pt","value":"Fecho resistente à abertura por crianças"}]},{"code":"30035000","display":"Metering pump","designation":[{"language":"de","value":"Dosierpumpe"},{"language":"el","value":"Δοσιμετρική αντλία"},{"language":"es","value":"Bomba dosificadora"},{"language":"fr","value":"Pompe doseuse"},{"language":"it","value":"Pompa dosatrice"},{"language":"pt","value":"Fecho com bomba doseadora"}]},{"code":"30036000","display":"Metering valve","designation":[{"language":"de","value":"Dosierventil"},{"language":"el","value":"Δοσιμετρική βαλβίδα"},{"language":"es","value":"Válvula dosificadora"},{"language":"fr","value":"Valve doseuse"},{"language":"it","value":"Valvola dosatrice"},{"language":"pt","value":"Fecho com válvula doseadora"}]},{"code":"30043000","display":"Needle applicator","designation":[{"language":"de","value":"Verschluss mit Nadel"},{"language":"el","value":"Σύστημα εφαρμογής με βελόνα"},{"language":"es","value":"Cierre con aguja incorporada"},{"language":"fr","value":"Embout avec aiguille"},{"language":"it","value":"Applicatore con ago"},{"language":"pt","value":"Fecho com agulha"}]},{"code":"30047000","display":"Pipette applicator","designation":[{"language":"de","value":"Verschluss mit Pipette"},{"language":"el","value":"Ογκομετρικό πώμα"},{"language":"es","value":"Pipeta aplicadora"},{"language":"fr","value":"Embout pipette"},{"language":"it","value":"Chiusura con pipetta"},{"language":"pt","value":"Fecho com pipeta"}]},{"code":"30056000","display":"Screw cap","designation":[{"language":"de","value":"Schraubdeckel"},{"language":"el","value":"Βιδωτό πώμα"},{"language":"es","value":"Cierre de rosca"},{"language":"fr","value":"Bouchon à vis"},{"language":"it","value":"Tappo a vite"},{"language":"pt","value":"Fecho com rosca"}]},{"code":"30061000","display":"Spray pump","designation":[{"language":"de","value":"Sprühpumpe"},{"language":"el","value":"Αντλία ψεκασμού"},{"language":"es","value":"Bomba pulverizadora"},{"language":"fr","value":"Pompe pour pulvérisation"},{"language":"it","value":"Pompa spray"},{"language":"pt","value":"Fecho com bomba nebulizadora"}]},{"code":"30062000","display":"Spray valve","designation":[{"language":"de","value":"Sprühventil"},{"language":"el","value":"Βαλβίδα ψεκασμού"},{"language":"es","value":"Válvula pulverizadora"},{"language":"fr","value":"Valve"},{"language":"it","value":"Valvola spray"},{"language":"pt","value":"Fecho com válvula nebulizadora"}]},{"code":"30064000","display":"Stopper","designation":[{"language":"de","value":"Stopfen"},{"language":"el","value":"Πώμα εισχώρησης"},{"language":"es","value":"Tapón"},{"language":"fr","value":"Bouchon"},{"language":"it","value":"Tappo"},{"language":"pt","value":"Rolha"}]}]}]}}