{"resourceType":"ValueSet","id":"legal-status-for-the-supply-vs","text":{"status":"generated","div":"<div xmlns=\"http://www.w3.org/1999/xhtml\"><ul><li>Include all codes defined in <a href=\"CodeSystem-legal-status-for-the-supply-ema-cs.html\"><code>https://spor.ema.europa.eu/v1/lists/100000072051</code></a></li></ul></div>"},"url":"http://unicom-project.eu/fhir/ValueSet/legal-status-for-the-supply-vs","version":"0.1.0","name":"LegalStatusForTheSupply","title":"EMA SPOR Legal Status for the Supply","status":"active","experimental":false,"date":"2023-05-05T14:19:24+00:00","publisher":"UNICOM","contact":[{"name":"UNICOM","telecom":[{"system":"url","value":"http://unicom-project.eu"}]}],"description":"EMA SPOR RMS list","compose":{"include":[{"system":"https://spor.ema.europa.eu/v1/lists/100000072051"}]}}