{"resourceType":"ValueSet","id":"material-vs","text":{"status":"generated","div":"<div xmlns=\"http://www.w3.org/1999/xhtml\"><ul><li>Include all codes defined in <a href=\"CodeSystem-material-ema-cs.html\"><code>https://spor.ema.europa.eu/v1/lists/200000003199</code></a></li></ul></div>"},"url":"http://unicom-project.eu/fhir/ValueSet/material-vs","version":"0.1.0","name":"Material","title":"EMA SPOR Material","status":"active","experimental":false,"date":"2023-05-05T14:19:24+00:00","publisher":"UNICOM","contact":[{"name":"UNICOM","telecom":[{"system":"url","value":"http://unicom-project.eu"}]}],"description":"Package material. EMA SPOR RMS LIST.","compose":{"include":[{"system":"https://spor.ema.europa.eu/v1/lists/200000003199"}]}}