{
  "resourceType" : "Organization",
  "id" : "LOC-100000551-KrkaSverige",
  "meta" : {
    "profile" : ["http://unicom-project.eu/fhir/StructureDefinition/PPLOrganization"]
  },
  "text" : {
    "status" : "generated",
    "div" : "<div xmlns=\"http://www.w3.org/1999/xhtml\"><p><b>Generated Narrative: Organization</b><a name=\"LOC-100000551-KrkaSverige\"> </a></p><div style=\"display: inline-block; background-color: #d9e0e7; padding: 6px; margin: 4px; border: 1px solid #8da1b4; border-radius: 5px; line-height: 60%\"><p style=\"margin-bottom: 0px\">Resource Organization &quot;LOC-100000551-KrkaSverige&quot; </p><p style=\"margin-bottom: 0px\">Profile: <a href=\"StructureDefinition-PPLOrganization.html\">PPL Organization</a></p></div><p><b>identifier</b>: id:\u00a0LOC-100000551</p><p><b>name</b>: KRKA Sverige AB</p></div>"
  },
  "identifier" : [{
    "system" : "https://spor.ema.europa.eu/v1/locations",
    "value" : "LOC-100000551"
  }],
  "name" : "KRKA Sverige AB"
}