{
  "resourceType" : "SearchParameter",
  "id" : "reference-strength-substance",
  "text" : {
    "status" : "generated",
    "div" : "<div xmlns=\"http://www.w3.org/1999/xhtml\"><h2>reference-strength-substance</h2><p>Parameter <code>reference-strength-substance</code>:<code>token</code></p><div><p>Possiblity to search ingredient for substance.strength.referenceStrength.substance.concept</p>\n</div><table class=\"grid\"><tr><td>Resource</td><td><a href=\"http://hl7.org/fhir/R5/ingredient.html\">Ingredient</a></td></tr><tr><td>Expression</td><td><code>Ingredient.substance.strength.referenceStrength.substance.concept</code></td></tr><tr><td>Processing Mode</td><td>Normal</td></tr><tr><td>Multiples</td><td>The parameter cannot repeat or have multiple values</td></tr></table></div>"
  },
  "url" : "http://unicom-project.eu/fhir/SearchParameter/reference-strength-substance",
  "version" : "0.1.0",
  "name" : "reference-strength-substance",
  "status" : "active",
  "date" : "2023-05-05T14:19:24+00:00",
  "publisher" : "UNICOM",
  "contact" : [{
    "name" : "UNICOM",
    "telecom" : [{
      "system" : "url",
      "value" : "http://unicom-project.eu"
    }]
  }],
  "description" : "Possiblity to search ingredient for substance.strength.referenceStrength.substance.concept",
  "code" : "reference-strength-substance",
  "base" : ["Ingredient"],
  "type" : "token",
  "expression" : "Ingredient.substance.strength.referenceStrength.substance.concept",
  "processingMode" : "normal"
}