{
  "resourceType" : "ValueSet",
  "id" : "basic-dose-form",
  "text" : {
    "status" : "generated",
    "div" : "<div xmlns=\"http://www.w3.org/1999/xhtml\"><ul><li>Include these codes as defined in <code>https://standardterms.edqm.eu</code><table class=\"none\"><tr><td style=\"white-space:nowrap\"><b>Code</b></td><td><b>Display</b></td></tr><tr><td>0049</td><td>Block</td></tr><tr><td>0050</td><td>Cachet</td></tr><tr><td>0051</td><td>Capsule</td></tr><tr><td>0052</td><td>Film</td></tr><tr><td>0053</td><td>Granules</td></tr><tr><td>0054</td><td>Gum</td></tr><tr><td>0055</td><td>Implant</td></tr><tr><td>0056</td><td>Impregnated material</td></tr><tr><td>0057</td><td>Intraruminal device</td></tr><tr><td>0058</td><td>Lozenge</td></tr><tr><td>0059</td><td>Lyophilisate</td></tr><tr><td>0060</td><td>Pastille</td></tr><tr><td>0061</td><td>Patch</td></tr><tr><td>0062</td><td>Pellets</td></tr><tr><td>0063</td><td>Pessary</td></tr><tr><td>0064</td><td>Pillules</td></tr><tr><td>0065</td><td>Plaster</td></tr><tr><td>0066</td><td>Powder</td></tr><tr><td>0067</td><td>Stick</td></tr><tr><td>0068</td><td>Suppository</td></tr><tr><td>0069</td><td>Tablet</td></tr><tr><td>0070</td><td>Tea</td></tr><tr><td>0071</td><td>Cream</td></tr><tr><td>0072</td><td>Foam</td></tr><tr><td>0073</td><td>Gel</td></tr><tr><td>0074</td><td>Ointment</td></tr><tr><td>0075</td><td>Paste</td></tr><tr><td>0076</td><td>Poultice</td></tr><tr><td>0077</td><td>Collodion</td></tr><tr><td>0078</td><td>Concentrate</td></tr><tr><td>0079</td><td>Dispersion</td></tr><tr><td>0080</td><td>Emulsion</td></tr><tr><td>0081</td><td>Lacquer</td></tr><tr><td>0082</td><td>Liquid</td></tr><tr><td>0083</td><td>Solution</td></tr><tr><td>0084</td><td>Solvent</td></tr><tr><td>0085</td><td>Suspension</td></tr><tr><td>0086</td><td>Syrup</td></tr><tr><td>0087</td><td>Medicinal gas</td></tr><tr><td>0088</td><td>Insert</td></tr><tr><td>0089</td><td>Additive (unspecified)</td></tr><tr><td>0090</td><td>Drops (unspecified)</td></tr><tr><td>0091</td><td>Premix (unspecified)</td></tr><tr><td>0092</td><td>Radiopharmaceutical</td></tr><tr><td>0093</td><td>Shampoo</td></tr><tr><td>0094</td><td>Spray (unspecified)</td></tr><tr><td>0095</td><td>System</td></tr><tr><td>0096</td><td>Unknown</td></tr><tr><td>0102</td><td>Pouch</td></tr><tr><td>0103</td><td>Cement</td></tr><tr><td>0114</td><td>Herbal material (unprocessed)</td></tr><tr><td>0115</td><td>Live animal</td></tr></table></li></ul></div>"
  },
  "url" : "http://unicom-project.eu/fhir/ValueSet/basic-dose-form",
  "version" : "0.1.0",
  "name" : "BasicDoseForm",
  "title" : "EDQM Basic Dose Form",
  "status" : "active",
  "experimental" : false,
  "date" : "2023-05-05T14:19:24+00:00",
  "publisher" : "UNICOM",
  "contact" : [{
    "name" : "UNICOM",
    "telecom" : [{
      "system" : "url",
      "value" : "http://unicom-project.eu"
    }]
  }],
  "description" : "ValueSet Basic dose form from EDQM, BDF, see https://standardterms.edqm.eu/#",
  "immutable" : false,
  "compose" : {
    "include" : [{
      "system" : "https://standardterms.edqm.eu",
      "concept" : [{
        "code" : "0049",
        "display" : "Block"
      },
      {
        "code" : "0050",
        "display" : "Cachet"
      },
      {
        "code" : "0051",
        "display" : "Capsule"
      },
      {
        "code" : "0052",
        "display" : "Film"
      },
      {
        "code" : "0053",
        "display" : "Granules"
      },
      {
        "code" : "0054",
        "display" : "Gum"
      },
      {
        "code" : "0055",
        "display" : "Implant"
      },
      {
        "code" : "0056",
        "display" : "Impregnated material"
      },
      {
        "code" : "0057",
        "display" : "Intraruminal device"
      },
      {
        "code" : "0058",
        "display" : "Lozenge"
      },
      {
        "code" : "0059",
        "display" : "Lyophilisate"
      },
      {
        "code" : "0060",
        "display" : "Pastille"
      },
      {
        "code" : "0061",
        "display" : "Patch"
      },
      {
        "code" : "0062",
        "display" : "Pellets"
      },
      {
        "code" : "0063",
        "display" : "Pessary"
      },
      {
        "code" : "0064",
        "display" : "Pillules"
      },
      {
        "code" : "0065",
        "display" : "Plaster"
      },
      {
        "code" : "0066",
        "display" : "Powder"
      },
      {
        "code" : "0067",
        "display" : "Stick"
      },
      {
        "code" : "0068",
        "display" : "Suppository"
      },
      {
        "code" : "0069",
        "display" : "Tablet"
      },
      {
        "code" : "0070",
        "display" : "Tea"
      },
      {
        "code" : "0071",
        "display" : "Cream"
      },
      {
        "code" : "0072",
        "display" : "Foam"
      },
      {
        "code" : "0073",
        "display" : "Gel"
      },
      {
        "code" : "0074",
        "display" : "Ointment"
      },
      {
        "code" : "0075",
        "display" : "Paste"
      },
      {
        "code" : "0076",
        "display" : "Poultice"
      },
      {
        "code" : "0077",
        "display" : "Collodion"
      },
      {
        "code" : "0078",
        "display" : "Concentrate"
      },
      {
        "code" : "0079",
        "display" : "Dispersion"
      },
      {
        "code" : "0080",
        "display" : "Emulsion"
      },
      {
        "code" : "0081",
        "display" : "Lacquer"
      },
      {
        "code" : "0082",
        "display" : "Liquid"
      },
      {
        "code" : "0083",
        "display" : "Solution"
      },
      {
        "code" : "0084",
        "display" : "Solvent"
      },
      {
        "code" : "0085",
        "display" : "Suspension"
      },
      {
        "code" : "0086",
        "display" : "Syrup"
      },
      {
        "code" : "0087",
        "display" : "Medicinal gas"
      },
      {
        "code" : "0088",
        "display" : "Insert"
      },
      {
        "code" : "0089",
        "display" : "Additive (unspecified)"
      },
      {
        "code" : "0090",
        "display" : "Drops (unspecified)"
      },
      {
        "code" : "0091",
        "display" : "Premix (unspecified)"
      },
      {
        "code" : "0092",
        "display" : "Radiopharmaceutical"
      },
      {
        "code" : "0093",
        "display" : "Shampoo"
      },
      {
        "code" : "0094",
        "display" : "Spray (unspecified)"
      },
      {
        "code" : "0095",
        "display" : "System"
      },
      {
        "code" : "0096",
        "display" : "Unknown"
      },
      {
        "code" : "0102",
        "display" : "Pouch"
      },
      {
        "code" : "0103",
        "display" : "Cement"
      },
      {
        "code" : "0114",
        "display" : "Herbal material (unprocessed)"
      },
      {
        "code" : "0115",
        "display" : "Live animal"
      }]
    }]
  }
}