{
  "resourceType" : "ValueSet",
  "id" : "patient-friendly-term",
  "text" : {
    "status" : "generated",
    "div" : "<div xmlns=\"http://www.w3.org/1999/xhtml\"><ul><li>Include these codes as defined in <code>https://standardterms.edqm.eu</code><table class=\"none\"><tr><td style=\"white-space:nowrap\"><b>Code</b></td><td><b>Display</b></td></tr><tr><td>11010</td><td>Oral drops</td></tr><tr><td>11050</td><td>Oral liquid</td></tr><tr><td>12100</td><td>Capsule</td></tr><tr><td>12120</td><td>Gastro-resistant capsule</td></tr><tr><td>12150</td><td>Prolonged-release capsule</td></tr><tr><td>12200</td><td>Tablet</td></tr><tr><td>12320</td><td>Intraruminal device</td></tr><tr><td>12350</td><td>Medicated premix</td></tr><tr><td>13050</td><td>Oromucosal liquid</td></tr><tr><td>13100</td><td>Oromucosal spray</td></tr><tr><td>13150</td><td>Sublingual spray</td></tr><tr><td>13220</td><td>Lozenge</td></tr><tr><td>14050</td><td>Dental liquid</td></tr><tr><td>15090</td><td>Cutaneous spray</td></tr><tr><td>15130</td><td>Cutaneous liquid</td></tr><tr><td>15290</td><td>Dip</td></tr><tr><td>15320</td><td>Dip concentrate</td></tr><tr><td>15370</td><td>Pour-on</td></tr><tr><td>15400</td><td>Spot-on</td></tr><tr><td>15430</td><td>Teat dip</td></tr><tr><td>15460</td><td>Teat spray</td></tr><tr><td>16040</td><td>Eye drops</td></tr><tr><td>17040</td><td>Ear drops</td></tr><tr><td>17090</td><td>Ear spray</td></tr><tr><td>17120</td><td>Ear wash</td></tr><tr><td>18040</td><td>Nasal drops</td></tr><tr><td>18080</td><td>Nasal spray</td></tr><tr><td>19050</td><td>Vaginal liquid</td></tr><tr><td>19100</td><td>Vaginal capsule</td></tr><tr><td>20050</td><td>Enema</td></tr><tr><td>21010</td><td>Nebuliser liquid</td></tr><tr><td>21060</td><td>Pressurised inhalation</td></tr><tr><td>21100</td><td>Inhalation powder</td></tr><tr><td>21140</td><td>Inhalation vapour</td></tr><tr><td>22010</td><td>Injection</td></tr><tr><td>22030</td><td>Powder for concentrate</td></tr><tr><td>22050</td><td>Powder for injection</td></tr><tr><td>22060</td><td>Powder for prolonged-release injection</td></tr><tr><td>22090</td><td>Sterile concentrate</td></tr><tr><td>22100</td><td>Infusion</td></tr><tr><td>22120</td><td>Powder for infusion</td></tr><tr><td>26010</td><td>Endotracheopulmonary instillation</td></tr><tr><td>29020</td><td>Intrauterine liquid</td></tr><tr><td>31030</td><td>Blood fraction modifier</td></tr><tr><td>31080</td><td>Gastroenteral liquid</td></tr><tr><td>31090</td><td>Chewing gum</td></tr><tr><td>31100</td><td>Injection/infusion</td></tr></table></li></ul><p><b>Additional Language Displays</b></p><table class=\"codes\"><tr><td><b>Code</b></td><td><b>Deutsch (German, de)</b></td><td><b>Greek (el)</b></td><td><b>Spanish (es)</b></td><td><b>French (fr)</b></td><td><b>Italian (it)</b></td><td><b>Portuguese (pt)</b></td></tr><tr><td>11010</td><td>Tropfen zum Einnehmen</td><td>Πόσιμες σταγόνες</td><td>Gotas orales</td><td>Gouttes buvables</td><td>Gocce orali</td><td>Gotas orais</td></tr><tr><td>11050</td><td>Flüssigkeit zum Einnehmen</td><td>Πόσιμο υγρό</td><td>-</td><td>-</td><td>Liquido orale</td><td>Líquido oral</td></tr><tr><td>12100</td><td>Kapsel</td><td>Καψάκιο</td><td>Cápsula</td><td>Capsule ou Gélule selon le cas</td><td>Capsula</td><td>Cápsula</td></tr><tr><td>12120</td><td>magensaftresistente Kapsel</td><td>Γαστροανθεκτικό καψάκιο</td><td>Cápsula gastrorresistente</td><td>Capsule ou Gélule gastrorésistante selon le cas</td><td>Capsula gastroresistente</td><td>Cápsula gastrorresistente</td></tr><tr><td>12150</td><td>Retardkapsel</td><td>Καψάκιο παρατεταμένης αποδέσμευσης</td><td>Cápsula de liberación prolongada</td><td>Capsule ou Gélule à libération prolongée selon le cas</td><td>Capsula a rilascio prolungato</td><td>Cápsula de libertação prolongada</td></tr><tr><td>12200</td><td>Tablette</td><td>Δισκίο</td><td>Comprimido</td><td>Comprimé</td><td>Compressa</td><td>Comprimido</td></tr><tr><td>12320</td><td>Intraruminales System</td><td>Συσκευή χορήγησης στη μεγάλη κοιλία</td><td>Dispositivo intrarruminal</td><td>Dispositif intraruminal</td><td>Dispositivo intraruminale</td><td>Bólus</td></tr><tr><td>12350</td><td>Arzneimittel-Vormischung</td><td>Πρόμιγμα για φαρμακούχο τροφή</td><td>Premezcla</td><td>-</td><td>Premiscela medicamentosa</td><td>Pré-mistura medicamentosa</td></tr><tr><td>13050</td><td>Flüssigkeit zur Anwendung in der Mundhöhle</td><td>Στοματικό υγρό</td><td>Líquido bucal</td><td>-</td><td>Liquido per mucosa orale</td><td>Líquido bucal</td></tr><tr><td>13100</td><td>Spray zur Anwendung in der Mundhöhle</td><td>Στοματικό εκνέφωμα</td><td>Pulverización bucal</td><td>Pulvérisation buccale</td><td>Spray per mucosa orale</td><td>Pulverização bucal</td></tr><tr><td>13150</td><td>Sublingualspray</td><td>Υπογλώσσιο εκνέφωμα</td><td>Solución para pulverización sublingual</td><td>Solution pour pulvérisation sublinguale</td><td>Spray sublinguale</td><td>Preparação para pulverização sublingual</td></tr><tr><td>13220</td><td>Lutschtablette</td><td>Τροχίσκος</td><td></td><td>Comprimé à sucer</td><td>Pastiglia</td><td>Pastilha</td></tr><tr><td>14050</td><td>Dentalflüssigkeit</td><td>Οδοντικό υγρό</td><td>Líquido dental</td><td>-</td><td>Liquido dentale</td><td>Líquido dental</td></tr><tr><td>15090</td><td>Spray zur Anwendung auf der Haut</td><td>Δερματικό εκνέφωμα</td><td>Pulverización cutánea</td><td>Pulvérisation cutanée</td><td>Spray cutaneo</td><td>Pulverização cutânea</td></tr><tr><td>15130</td><td>Flüssigkeit zur Anwendung auf der Haut</td><td>Δερματικό υγρό</td><td>Líquido cutáneo</td><td>Liquide cutané</td><td>Liquido cutaneo</td><td>Líquido cutâneo</td></tr><tr><td>15290</td><td>Tauchbad</td><td>Υγρό εμβάπτισης</td><td>Baño</td><td>-</td><td>Bagno</td><td>Banho medicamentoso</td></tr><tr><td>15320</td><td>Konzentrat zur Herstellung eines Tauchbades</td><td>Πυκνό διάλυμα για παρασκευή μέσων εμβάπτισης</td><td>Concentrado para baño</td><td>-</td><td>Concentrato per bagno</td><td>Concentrado para banho medicamentoso</td></tr><tr><td>15370</td><td>Flüssigkeit zum Übergiessen</td><td>Επίχυμα</td><td>Pour-on</td><td>-</td><td>Pour-on</td><td>Unção contínua</td></tr><tr><td>15400</td><td>Flüssigkeit zum Auftropfen</td><td>Επίχυμα</td><td>Spot-on</td><td>-</td><td>Spot-on</td><td>Unção punctiforme</td></tr><tr><td>15430</td><td>Zitzentauchmittel</td><td>Υγρό εμβάπτισης θηλής</td><td>Baño para pezones</td><td>Trempage mammaire</td><td>Immersione della mammella</td><td>Banho medicamentoso do úbere</td></tr><tr><td>15460</td><td>Zitzenspray</td><td>Υγρό ψεκασμού θηλής</td><td>Pulverización para pezones</td><td>Pulvérisation mammaire</td><td>Spray mammario</td><td>Líquido para pulverização do úbere</td></tr><tr><td>16040</td><td>Augentropfen</td><td>Οφθαλμικές σταγόνες</td><td>Colirio</td><td>Collyre</td><td>Collirio</td><td>Colírio</td></tr><tr><td>17040</td><td>Ohrentropfen</td><td>Ωτικές σταγόνες</td><td>Gotas óticas</td><td>Gouttes auriculaires</td><td>Gocce auricolari</td><td>Gotas auriculares</td></tr><tr><td>17090</td><td>Ohrenspray</td><td>Ωτικό εκνέφωμα</td><td>Pulverización ótica</td><td>Pulvérisation auriculaire</td><td>Spray auricolare</td><td>Pulverização auricular</td></tr><tr><td>17120</td><td>Ohrenspülung</td><td>Ωτικό πλύμα</td><td>Lavado ótico</td><td>Lavage auriculaire</td><td>Lavaggio auricolare</td><td>Lavagem auricular</td></tr><tr><td>18040</td><td>Nasentropfen</td><td>Ρινικές σταγόνες</td><td>Gotas nasales</td><td>Gouttes nasales</td><td>Gocce nasali</td><td>Gotas nasais</td></tr><tr><td>18080</td><td>Nasenspray</td><td>Ρινικό εκνέφωμα</td><td>Pulverización nasal</td><td>Pulvérisation nasale</td><td>Spray nasale</td><td>Pulverização nasal</td></tr><tr><td>19050</td><td>Flüssigkeit zur vaginalen Anwendung</td><td>Κολπικό υγρό</td><td>Líquido vaginal</td><td>-</td><td>Lavanda vaginale</td><td>Líquido vaginal</td></tr><tr><td>19100</td><td>Vaginalkapsel</td><td>Κολπικό καψάκιο</td><td>Cápsula vaginal</td><td>Capsule ou Gélule vaginale selon le cas</td><td>Capsula vaginale</td><td>Cápsula vaginal</td></tr><tr><td>20050</td><td>Klistier</td><td>Υποκλυσμός</td><td>Enema</td><td>-</td><td>Clistere</td><td>Enema</td></tr><tr><td>21010</td><td>Flüssigkeit für einen Vernebler</td><td>Υγρό για εισπνοή με εκνεφωτή</td><td>Líquido para nebulizador</td><td>-</td><td>Liquido da nebulizzare</td><td>Líquido para nebulização</td></tr><tr><td>21060</td><td>Druckgasinhalation</td><td>Υγρό για εισπνοή υπό πίεση</td><td>Inhalación en envase a presión</td><td>-</td><td>Liquido pressurizzato per inalazione</td><td>Líquido pressurizado para inalação</td></tr><tr><td>21100</td><td>Pulver zur Inhalation</td><td>Κόνις για εισπνοή</td><td>Polvo para inhalación</td><td>-</td><td>Polvere per inalazione</td><td>Pó para inalação</td></tr><tr><td>21140</td><td>Dampf zur Inhalation</td><td>Εισπνεόμενοι ατμοί</td><td>Vapor para inhalación</td><td>-</td><td>Suffumigi</td><td>Vapor para inalação</td></tr><tr><td>22010</td><td>Injektion</td><td>Ενέσιμο</td><td>Inyectable</td><td>-</td><td>Iniettabile</td><td>Injetável</td></tr><tr><td>22030</td><td>Pulver zur Herstellung eines Konzentrats</td><td>Κόνις για πυκνό σκεύασμα</td><td>Polvo para concentrado</td><td>-</td><td>Polvere per concentrato</td><td>Pó para concentrado</td></tr><tr><td>22050</td><td>Pulver zur Herstellung einer Injektionszubereitung</td><td>Κόνις για ενέσιμο</td><td>Polvo para inyectable</td><td>-</td><td>Polvere per preparazione iniettabile</td><td>Pó para uso injetável</td></tr><tr><td>22060</td><td>Pulver zur Herstellung einer Depot-Injektion</td><td>Κόνις για παρατεταμένης αποδέσμευσης ενέσιμο</td><td>Polvo para inyectable de liberación prolongada</td><td>-</td><td>Polvere per preparazione iniettabile a rilascio prolungato</td><td>Pó para suspensão injetável de libertação prolongada</td></tr><tr><td>22090</td><td>steriles Konzentrat</td><td>Στείρο πυκνό διάλυμα</td><td>Concentrado estéril</td><td>-</td><td>Concentrato sterile</td><td>Concentrado estéril</td></tr><tr><td>22100</td><td>Infusion</td><td>Εγχυση</td><td>Perfusión</td><td>-</td><td>Infusione</td><td>Perfusão</td></tr><tr><td>22120</td><td>Pulver zur Herstellung einer Infusionslösung</td><td>Κόνις για διάλυμα προς έγχυση</td><td>Polvo para perfusión</td><td>-</td><td>Polvere per infusione</td><td>Pó para perfusão</td></tr><tr><td>26010</td><td>Lösung zur endotracheopulmonalen Instillation</td><td>Ενδοτραχειοπνευμονική ενστάλλαξη</td><td>Instilación endotraqueopulmonar</td><td>-</td><td>Instillazione endotracheobronchiale</td><td>Instilação endotraqueobrônquica</td></tr><tr><td>29020</td><td>Flüssigkeit zur intrauterinen Anwendung</td><td>Ενδομητριαίο υγρό</td><td>Líquido intrauterino</td><td>-</td><td>Liquido per uso intrauterino</td><td>Líquido intrauterino</td></tr><tr><td>31030</td><td>Zubereitung zur Modifikation einer Blutfraktion</td><td>Τροποποιητής κλάσματος αίματος</td><td>Modificador de fracción sanguínea</td><td>-</td><td>Modificatore di componenti ematici</td><td>Modificador da fração sanguínea</td></tr><tr><td>31080</td><td>Flüssigkeit zur gastrointestinalen Anwendung</td><td>Γαστρεντερικό υγρό</td><td>Líquido gastroentérico</td><td>-</td><td>Liquido gastroenterico</td><td>Líquido gastroentérico</td></tr><tr><td>31090</td><td></td><td></td><td></td><td></td><td></td><td></td></tr><tr><td>31100</td><td>Injektion/Infusion</td><td></td><td></td><td>Injection/perfusion</td><td>Iniezione/infusione</td><td>Injetável ou perfusão</td></tr></table></div>"
  },
  "url" : "http://unicom-project.eu/fhir/ValueSet/patient-friendly-term",
  "version" : "0.1.0",
  "name" : "PatientFriendlyTerm",
  "title" : "EDQM Patient-friendly Term",
  "status" : "active",
  "experimental" : false,
  "date" : "2023-05-05T14:19:24+00:00",
  "publisher" : "UNICOM",
  "contact" : [{
    "name" : "UNICOM",
    "telecom" : [{
      "system" : "url",
      "value" : "http://unicom-project.eu"
    }]
  }],
  "description" : "ValueSet Patient-friendly term (dose forms) from EDQM, PFT, see https://standardterms.edqm.eu/#",
  "immutable" : false,
  "compose" : {
    "include" : [{
      "system" : "https://standardterms.edqm.eu",
      "concept" : [{
        "code" : "11010",
        "display" : "Oral drops",
        "designation" : [{
          "language" : "de",
          "value" : "Tropfen zum Einnehmen"
        },
        {
          "language" : "el",
          "value" : "Πόσιμες σταγόνες"
        },
        {
          "language" : "es",
          "value" : "Gotas orales"
        },
        {
          "language" : "fr",
          "value" : "Gouttes buvables"
        },
        {
          "language" : "it",
          "value" : "Gocce orali"
        },
        {
          "language" : "pt",
          "value" : "Gotas orais"
        }]
      },
      {
        "code" : "11050",
        "display" : "Oral liquid",
        "designation" : [{
          "language" : "de",
          "value" : "Flüssigkeit zum Einnehmen"
        },
        {
          "language" : "el",
          "value" : "Πόσιμο υγρό"
        },
        {
          "language" : "es",
          "value" : "-"
        },
        {
          "language" : "fr",
          "value" : "-"
        },
        {
          "language" : "it",
          "value" : "Liquido orale"
        },
        {
          "language" : "pt",
          "value" : "Líquido oral"
        }]
      },
      {
        "code" : "12100",
        "display" : "Capsule",
        "designation" : [{
          "language" : "de",
          "value" : "Kapsel"
        },
        {
          "language" : "el",
          "value" : "Καψάκιο"
        },
        {
          "language" : "es",
          "value" : "Cápsula"
        },
        {
          "language" : "fr",
          "value" : "Capsule ou Gélule selon le cas"
        },
        {
          "language" : "it",
          "value" : "Capsula"
        },
        {
          "language" : "pt",
          "value" : "Cápsula"
        }]
      },
      {
        "code" : "12120",
        "display" : "Gastro-resistant capsule",
        "designation" : [{
          "language" : "de",
          "value" : "magensaftresistente Kapsel"
        },
        {
          "language" : "el",
          "value" : "Γαστροανθεκτικό καψάκιο"
        },
        {
          "language" : "es",
          "value" : "Cápsula gastrorresistente"
        },
        {
          "language" : "fr",
          "value" : "Capsule ou Gélule gastrorésistante selon le cas"
        },
        {
          "language" : "it",
          "value" : "Capsula gastroresistente"
        },
        {
          "language" : "pt",
          "value" : "Cápsula gastrorresistente"
        }]
      },
      {
        "code" : "12150",
        "display" : "Prolonged-release capsule",
        "designation" : [{
          "language" : "de",
          "value" : "Retardkapsel"
        },
        {
          "language" : "el",
          "value" : "Καψάκιο παρατεταμένης αποδέσμευσης"
        },
        {
          "language" : "es",
          "value" : "Cápsula de liberación prolongada"
        },
        {
          "language" : "fr",
          "value" : "Capsule ou Gélule à libération prolongée selon le cas"
        },
        {
          "language" : "it",
          "value" : "Capsula a rilascio prolungato"
        },
        {
          "language" : "pt",
          "value" : "Cápsula de libertação prolongada"
        }]
      },
      {
        "code" : "12200",
        "display" : "Tablet",
        "designation" : [{
          "language" : "de",
          "value" : "Tablette"
        },
        {
          "language" : "el",
          "value" : "Δισκίο"
        },
        {
          "language" : "es",
          "value" : "Comprimido"
        },
        {
          "language" : "fr",
          "value" : "Comprimé"
        },
        {
          "language" : "it",
          "value" : "Compressa"
        },
        {
          "language" : "pt",
          "value" : "Comprimido"
        }]
      },
      {
        "code" : "12320",
        "display" : "Intraruminal device",
        "designation" : [{
          "language" : "de",
          "value" : "Intraruminales System"
        },
        {
          "language" : "el",
          "value" : "Συσκευή χορήγησης στη μεγάλη κοιλία"
        },
        {
          "language" : "es",
          "value" : "Dispositivo intrarruminal"
        },
        {
          "language" : "fr",
          "value" : "Dispositif intraruminal"
        },
        {
          "language" : "it",
          "value" : "Dispositivo intraruminale"
        },
        {
          "language" : "pt",
          "value" : "Bólus"
        }]
      },
      {
        "code" : "12350",
        "display" : "Medicated premix",
        "designation" : [{
          "language" : "de",
          "value" : "Arzneimittel-Vormischung"
        },
        {
          "language" : "el",
          "value" : "Πρόμιγμα για φαρμακούχο τροφή"
        },
        {
          "language" : "es",
          "value" : "Premezcla"
        },
        {
          "language" : "fr",
          "value" : "-"
        },
        {
          "language" : "it",
          "value" : "Premiscela medicamentosa"
        },
        {
          "language" : "pt",
          "value" : "Pré-mistura medicamentosa"
        }]
      },
      {
        "code" : "13050",
        "display" : "Oromucosal liquid",
        "designation" : [{
          "language" : "de",
          "value" : "Flüssigkeit zur Anwendung in der Mundhöhle"
        },
        {
          "language" : "el",
          "value" : "Στοματικό υγρό"
        },
        {
          "language" : "es",
          "value" : "Líquido bucal"
        },
        {
          "language" : "fr",
          "value" : "-"
        },
        {
          "language" : "it",
          "value" : "Liquido per mucosa orale"
        },
        {
          "language" : "pt",
          "value" : "Líquido bucal"
        }]
      },
      {
        "code" : "13100",
        "display" : "Oromucosal spray",
        "designation" : [{
          "language" : "de",
          "value" : "Spray zur Anwendung in der Mundhöhle"
        },
        {
          "language" : "el",
          "value" : "Στοματικό εκνέφωμα"
        },
        {
          "language" : "es",
          "value" : "Pulverización bucal"
        },
        {
          "language" : "fr",
          "value" : "Pulvérisation buccale"
        },
        {
          "language" : "it",
          "value" : "Spray per mucosa orale"
        },
        {
          "language" : "pt",
          "value" : "Pulverização bucal"
        }]
      },
      {
        "code" : "13150",
        "display" : "Sublingual spray",
        "designation" : [{
          "language" : "de",
          "value" : "Sublingualspray"
        },
        {
          "language" : "el",
          "value" : "Υπογλώσσιο εκνέφωμα"
        },
        {
          "language" : "es",
          "value" : "Solución para pulverización sublingual"
        },
        {
          "language" : "fr",
          "value" : "Solution pour pulvérisation sublinguale"
        },
        {
          "language" : "it",
          "value" : "Spray sublinguale"
        },
        {
          "language" : "pt",
          "value" : "Preparação para pulverização sublingual"
        }]
      },
      {
        "code" : "13220",
        "display" : "Lozenge",
        "designation" : [{
          "language" : "de",
          "value" : "Lutschtablette"
        },
        {
          "language" : "el",
          "value" : "Τροχίσκος"
        },
        {
          "language" : "fr",
          "value" : "Comprimé à sucer"
        },
        {
          "language" : "it",
          "value" : "Pastiglia"
        },
        {
          "language" : "pt",
          "value" : "Pastilha"
        }]
      },
      {
        "code" : "14050",
        "display" : "Dental liquid",
        "designation" : [{
          "language" : "de",
          "value" : "Dentalflüssigkeit"
        },
        {
          "language" : "el",
          "value" : "Οδοντικό υγρό"
        },
        {
          "language" : "es",
          "value" : "Líquido dental"
        },
        {
          "language" : "fr",
          "value" : "-"
        },
        {
          "language" : "it",
          "value" : "Liquido dentale"
        },
        {
          "language" : "pt",
          "value" : "Líquido dental"
        }]
      },
      {
        "code" : "15090",
        "display" : "Cutaneous spray",
        "designation" : [{
          "language" : "de",
          "value" : "Spray zur Anwendung auf der Haut"
        },
        {
          "language" : "el",
          "value" : "Δερματικό εκνέφωμα"
        },
        {
          "language" : "es",
          "value" : "Pulverización cutánea"
        },
        {
          "language" : "fr",
          "value" : "Pulvérisation cutanée"
        },
        {
          "language" : "it",
          "value" : "Spray cutaneo"
        },
        {
          "language" : "pt",
          "value" : "Pulverização cutânea"
        }]
      },
      {
        "code" : "15130",
        "display" : "Cutaneous liquid",
        "designation" : [{
          "language" : "de",
          "value" : "Flüssigkeit zur Anwendung auf der Haut"
        },
        {
          "language" : "el",
          "value" : "Δερματικό υγρό"
        },
        {
          "language" : "es",
          "value" : "Líquido cutáneo"
        },
        {
          "language" : "fr",
          "value" : "Liquide cutané"
        },
        {
          "language" : "it",
          "value" : "Liquido cutaneo"
        },
        {
          "language" : "pt",
          "value" : "Líquido cutâneo"
        }]
      },
      {
        "code" : "15290",
        "display" : "Dip",
        "designation" : [{
          "language" : "de",
          "value" : "Tauchbad"
        },
        {
          "language" : "el",
          "value" : "Υγρό εμβάπτισης"
        },
        {
          "language" : "es",
          "value" : "Baño"
        },
        {
          "language" : "fr",
          "value" : "-"
        },
        {
          "language" : "it",
          "value" : "Bagno"
        },
        {
          "language" : "pt",
          "value" : "Banho medicamentoso"
        }]
      },
      {
        "code" : "15320",
        "display" : "Dip concentrate",
        "designation" : [{
          "language" : "de",
          "value" : "Konzentrat zur Herstellung eines Tauchbades"
        },
        {
          "language" : "el",
          "value" : "Πυκνό διάλυμα για παρασκευή μέσων εμβάπτισης"
        },
        {
          "language" : "es",
          "value" : "Concentrado para baño"
        },
        {
          "language" : "fr",
          "value" : "-"
        },
        {
          "language" : "it",
          "value" : "Concentrato per bagno"
        },
        {
          "language" : "pt",
          "value" : "Concentrado para banho medicamentoso"
        }]
      },
      {
        "code" : "15370",
        "display" : "Pour-on",
        "designation" : [{
          "language" : "de",
          "value" : "Flüssigkeit zum Übergiessen"
        },
        {
          "language" : "el",
          "value" : "Επίχυμα"
        },
        {
          "language" : "es",
          "value" : "Pour-on"
        },
        {
          "language" : "fr",
          "value" : "-"
        },
        {
          "language" : "it",
          "value" : "Pour-on"
        },
        {
          "language" : "pt",
          "value" : "Unção contínua"
        }]
      },
      {
        "code" : "15400",
        "display" : "Spot-on",
        "designation" : [{
          "language" : "de",
          "value" : "Flüssigkeit zum Auftropfen"
        },
        {
          "language" : "el",
          "value" : "Επίχυμα"
        },
        {
          "language" : "es",
          "value" : "Spot-on"
        },
        {
          "language" : "fr",
          "value" : "-"
        },
        {
          "language" : "it",
          "value" : "Spot-on"
        },
        {
          "language" : "pt",
          "value" : "Unção punctiforme"
        }]
      },
      {
        "code" : "15430",
        "display" : "Teat dip",
        "designation" : [{
          "language" : "de",
          "value" : "Zitzentauchmittel"
        },
        {
          "language" : "el",
          "value" : "Υγρό εμβάπτισης θηλής"
        },
        {
          "language" : "es",
          "value" : "Baño para pezones"
        },
        {
          "language" : "fr",
          "value" : "Trempage mammaire"
        },
        {
          "language" : "it",
          "value" : "Immersione della mammella"
        },
        {
          "language" : "pt",
          "value" : "Banho medicamentoso do úbere"
        }]
      },
      {
        "code" : "15460",
        "display" : "Teat spray",
        "designation" : [{
          "language" : "de",
          "value" : "Zitzenspray"
        },
        {
          "language" : "el",
          "value" : "Υγρό ψεκασμού θηλής"
        },
        {
          "language" : "es",
          "value" : "Pulverización para pezones"
        },
        {
          "language" : "fr",
          "value" : "Pulvérisation mammaire"
        },
        {
          "language" : "it",
          "value" : "Spray mammario"
        },
        {
          "language" : "pt",
          "value" : "Líquido para pulverização do úbere"
        }]
      },
      {
        "code" : "16040",
        "display" : "Eye drops",
        "designation" : [{
          "language" : "de",
          "value" : "Augentropfen"
        },
        {
          "language" : "el",
          "value" : "Οφθαλμικές σταγόνες"
        },
        {
          "language" : "es",
          "value" : "Colirio"
        },
        {
          "language" : "fr",
          "value" : "Collyre"
        },
        {
          "language" : "it",
          "value" : "Collirio"
        },
        {
          "language" : "pt",
          "value" : "Colírio"
        }]
      },
      {
        "code" : "17040",
        "display" : "Ear drops",
        "designation" : [{
          "language" : "de",
          "value" : "Ohrentropfen"
        },
        {
          "language" : "el",
          "value" : "Ωτικές σταγόνες"
        },
        {
          "language" : "es",
          "value" : "Gotas óticas"
        },
        {
          "language" : "fr",
          "value" : "Gouttes auriculaires"
        },
        {
          "language" : "it",
          "value" : "Gocce auricolari"
        },
        {
          "language" : "pt",
          "value" : "Gotas auriculares"
        }]
      },
      {
        "code" : "17090",
        "display" : "Ear spray",
        "designation" : [{
          "language" : "de",
          "value" : "Ohrenspray"
        },
        {
          "language" : "el",
          "value" : "Ωτικό εκνέφωμα"
        },
        {
          "language" : "es",
          "value" : "Pulverización ótica"
        },
        {
          "language" : "fr",
          "value" : "Pulvérisation auriculaire"
        },
        {
          "language" : "it",
          "value" : "Spray auricolare"
        },
        {
          "language" : "pt",
          "value" : "Pulverização auricular"
        }]
      },
      {
        "code" : "17120",
        "display" : "Ear wash",
        "designation" : [{
          "language" : "de",
          "value" : "Ohrenspülung"
        },
        {
          "language" : "el",
          "value" : "Ωτικό πλύμα"
        },
        {
          "language" : "es",
          "value" : "Lavado ótico"
        },
        {
          "language" : "fr",
          "value" : "Lavage auriculaire"
        },
        {
          "language" : "it",
          "value" : "Lavaggio auricolare"
        },
        {
          "language" : "pt",
          "value" : "Lavagem auricular"
        }]
      },
      {
        "code" : "18040",
        "display" : "Nasal drops",
        "designation" : [{
          "language" : "de",
          "value" : "Nasentropfen"
        },
        {
          "language" : "el",
          "value" : "Ρινικές σταγόνες"
        },
        {
          "language" : "es",
          "value" : "Gotas nasales"
        },
        {
          "language" : "fr",
          "value" : "Gouttes nasales"
        },
        {
          "language" : "it",
          "value" : "Gocce nasali"
        },
        {
          "language" : "pt",
          "value" : "Gotas nasais"
        }]
      },
      {
        "code" : "18080",
        "display" : "Nasal spray",
        "designation" : [{
          "language" : "de",
          "value" : "Nasenspray"
        },
        {
          "language" : "el",
          "value" : "Ρινικό εκνέφωμα"
        },
        {
          "language" : "es",
          "value" : "Pulverización nasal"
        },
        {
          "language" : "fr",
          "value" : "Pulvérisation nasale"
        },
        {
          "language" : "it",
          "value" : "Spray nasale"
        },
        {
          "language" : "pt",
          "value" : "Pulverização nasal"
        }]
      },
      {
        "code" : "19050",
        "display" : "Vaginal liquid",
        "designation" : [{
          "language" : "de",
          "value" : "Flüssigkeit zur vaginalen Anwendung"
        },
        {
          "language" : "el",
          "value" : "Κολπικό υγρό"
        },
        {
          "language" : "es",
          "value" : "Líquido vaginal"
        },
        {
          "language" : "fr",
          "value" : "-"
        },
        {
          "language" : "it",
          "value" : "Lavanda vaginale"
        },
        {
          "language" : "pt",
          "value" : "Líquido vaginal"
        }]
      },
      {
        "code" : "19100",
        "display" : "Vaginal capsule",
        "designation" : [{
          "language" : "de",
          "value" : "Vaginalkapsel"
        },
        {
          "language" : "el",
          "value" : "Κολπικό καψάκιο"
        },
        {
          "language" : "es",
          "value" : "Cápsula vaginal"
        },
        {
          "language" : "fr",
          "value" : "Capsule ou Gélule vaginale selon le cas"
        },
        {
          "language" : "it",
          "value" : "Capsula vaginale"
        },
        {
          "language" : "pt",
          "value" : "Cápsula vaginal"
        }]
      },
      {
        "code" : "20050",
        "display" : "Enema",
        "designation" : [{
          "language" : "de",
          "value" : "Klistier"
        },
        {
          "language" : "el",
          "value" : "Υποκλυσμός"
        },
        {
          "language" : "es",
          "value" : "Enema"
        },
        {
          "language" : "fr",
          "value" : "-"
        },
        {
          "language" : "it",
          "value" : "Clistere"
        },
        {
          "language" : "pt",
          "value" : "Enema"
        }]
      },
      {
        "code" : "21010",
        "display" : "Nebuliser liquid",
        "designation" : [{
          "language" : "de",
          "value" : "Flüssigkeit für einen Vernebler"
        },
        {
          "language" : "el",
          "value" : "Υγρό για εισπνοή με εκνεφωτή"
        },
        {
          "language" : "es",
          "value" : "Líquido para nebulizador"
        },
        {
          "language" : "fr",
          "value" : "-"
        },
        {
          "language" : "it",
          "value" : "Liquido da nebulizzare"
        },
        {
          "language" : "pt",
          "value" : "Líquido para nebulização"
        }]
      },
      {
        "code" : "21060",
        "display" : "Pressurised inhalation",
        "designation" : [{
          "language" : "de",
          "value" : "Druckgasinhalation"
        },
        {
          "language" : "el",
          "value" : "Υγρό για εισπνοή υπό πίεση"
        },
        {
          "language" : "es",
          "value" : "Inhalación en envase a presión"
        },
        {
          "language" : "fr",
          "value" : "-"
        },
        {
          "language" : "it",
          "value" : "Liquido pressurizzato per inalazione"
        },
        {
          "language" : "pt",
          "value" : "Líquido pressurizado para inalação"
        }]
      },
      {
        "code" : "21100",
        "display" : "Inhalation powder",
        "designation" : [{
          "language" : "de",
          "value" : "Pulver zur Inhalation"
        },
        {
          "language" : "el",
          "value" : "Κόνις για εισπνοή"
        },
        {
          "language" : "es",
          "value" : "Polvo para inhalación"
        },
        {
          "language" : "fr",
          "value" : "-"
        },
        {
          "language" : "it",
          "value" : "Polvere per inalazione"
        },
        {
          "language" : "pt",
          "value" : "Pó para inalação"
        }]
      },
      {
        "code" : "21140",
        "display" : "Inhalation vapour",
        "designation" : [{
          "language" : "de",
          "value" : "Dampf zur Inhalation"
        },
        {
          "language" : "el",
          "value" : "Εισπνεόμενοι ατμοί"
        },
        {
          "language" : "es",
          "value" : "Vapor para inhalación"
        },
        {
          "language" : "fr",
          "value" : "-"
        },
        {
          "language" : "it",
          "value" : "Suffumigi"
        },
        {
          "language" : "pt",
          "value" : "Vapor para inalação"
        }]
      },
      {
        "code" : "22010",
        "display" : "Injection",
        "designation" : [{
          "language" : "de",
          "value" : "Injektion"
        },
        {
          "language" : "el",
          "value" : "Ενέσιμο"
        },
        {
          "language" : "es",
          "value" : "Inyectable"
        },
        {
          "language" : "fr",
          "value" : "-"
        },
        {
          "language" : "it",
          "value" : "Iniettabile"
        },
        {
          "language" : "pt",
          "value" : "Injetável"
        }]
      },
      {
        "code" : "22030",
        "display" : "Powder for concentrate",
        "designation" : [{
          "language" : "de",
          "value" : "Pulver zur Herstellung eines Konzentrats"
        },
        {
          "language" : "el",
          "value" : "Κόνις για πυκνό σκεύασμα"
        },
        {
          "language" : "es",
          "value" : "Polvo para concentrado"
        },
        {
          "language" : "fr",
          "value" : "-"
        },
        {
          "language" : "it",
          "value" : "Polvere per concentrato"
        },
        {
          "language" : "pt",
          "value" : "Pó para concentrado"
        }]
      },
      {
        "code" : "22050",
        "display" : "Powder for injection",
        "designation" : [{
          "language" : "de",
          "value" : "Pulver zur Herstellung einer Injektionszubereitung"
        },
        {
          "language" : "el",
          "value" : "Κόνις για ενέσιμο"
        },
        {
          "language" : "es",
          "value" : "Polvo para inyectable"
        },
        {
          "language" : "fr",
          "value" : "-"
        },
        {
          "language" : "it",
          "value" : "Polvere per preparazione iniettabile"
        },
        {
          "language" : "pt",
          "value" : "Pó para uso injetável"
        }]
      },
      {
        "code" : "22060",
        "display" : "Powder for prolonged-release injection",
        "designation" : [{
          "language" : "de",
          "value" : "Pulver zur Herstellung einer Depot-Injektion"
        },
        {
          "language" : "el",
          "value" : "Κόνις για παρατεταμένης αποδέσμευσης ενέσιμο"
        },
        {
          "language" : "es",
          "value" : "Polvo para inyectable de liberación prolongada"
        },
        {
          "language" : "fr",
          "value" : "-"
        },
        {
          "language" : "it",
          "value" : "Polvere per preparazione iniettabile a rilascio prolungato"
        },
        {
          "language" : "pt",
          "value" : "Pó para suspensão injetável de libertação prolongada"
        }]
      },
      {
        "code" : "22090",
        "display" : "Sterile concentrate",
        "designation" : [{
          "language" : "de",
          "value" : "steriles Konzentrat"
        },
        {
          "language" : "el",
          "value" : "Στείρο πυκνό διάλυμα"
        },
        {
          "language" : "es",
          "value" : "Concentrado estéril"
        },
        {
          "language" : "fr",
          "value" : "-"
        },
        {
          "language" : "it",
          "value" : "Concentrato sterile"
        },
        {
          "language" : "pt",
          "value" : "Concentrado estéril"
        }]
      },
      {
        "code" : "22100",
        "display" : "Infusion",
        "designation" : [{
          "language" : "de",
          "value" : "Infusion"
        },
        {
          "language" : "el",
          "value" : "Εγχυση"
        },
        {
          "language" : "es",
          "value" : "Perfusión"
        },
        {
          "language" : "fr",
          "value" : "-"
        },
        {
          "language" : "it",
          "value" : "Infusione"
        },
        {
          "language" : "pt",
          "value" : "Perfusão"
        }]
      },
      {
        "code" : "22120",
        "display" : "Powder for infusion",
        "designation" : [{
          "language" : "de",
          "value" : "Pulver zur Herstellung einer Infusionslösung"
        },
        {
          "language" : "el",
          "value" : "Κόνις για διάλυμα προς έγχυση"
        },
        {
          "language" : "es",
          "value" : "Polvo para perfusión"
        },
        {
          "language" : "fr",
          "value" : "-"
        },
        {
          "language" : "it",
          "value" : "Polvere per infusione"
        },
        {
          "language" : "pt",
          "value" : "Pó para perfusão"
        }]
      },
      {
        "code" : "26010",
        "display" : "Endotracheopulmonary instillation",
        "designation" : [{
          "language" : "de",
          "value" : "Lösung zur endotracheopulmonalen Instillation"
        },
        {
          "language" : "el",
          "value" : "Ενδοτραχειοπνευμονική ενστάλλαξη"
        },
        {
          "language" : "es",
          "value" : "Instilación endotraqueopulmonar"
        },
        {
          "language" : "fr",
          "value" : "-"
        },
        {
          "language" : "it",
          "value" : "Instillazione endotracheobronchiale"
        },
        {
          "language" : "pt",
          "value" : "Instilação endotraqueobrônquica"
        }]
      },
      {
        "code" : "29020",
        "display" : "Intrauterine liquid",
        "designation" : [{
          "language" : "de",
          "value" : "Flüssigkeit zur intrauterinen Anwendung"
        },
        {
          "language" : "el",
          "value" : "Ενδομητριαίο υγρό"
        },
        {
          "language" : "es",
          "value" : "Líquido intrauterino"
        },
        {
          "language" : "fr",
          "value" : "-"
        },
        {
          "language" : "it",
          "value" : "Liquido per uso intrauterino"
        },
        {
          "language" : "pt",
          "value" : "Líquido intrauterino"
        }]
      },
      {
        "code" : "31030",
        "display" : "Blood fraction modifier",
        "designation" : [{
          "language" : "de",
          "value" : "Zubereitung zur Modifikation einer Blutfraktion"
        },
        {
          "language" : "el",
          "value" : "Τροποποιητής κλάσματος αίματος"
        },
        {
          "language" : "es",
          "value" : "Modificador de fracción sanguínea"
        },
        {
          "language" : "fr",
          "value" : "-"
        },
        {
          "language" : "it",
          "value" : "Modificatore di componenti ematici"
        },
        {
          "language" : "pt",
          "value" : "Modificador da fração sanguínea"
        }]
      },
      {
        "code" : "31080",
        "display" : "Gastroenteral liquid",
        "designation" : [{
          "language" : "de",
          "value" : "Flüssigkeit zur gastrointestinalen Anwendung"
        },
        {
          "language" : "el",
          "value" : "Γαστρεντερικό υγρό"
        },
        {
          "language" : "es",
          "value" : "Líquido gastroentérico"
        },
        {
          "language" : "fr",
          "value" : "-"
        },
        {
          "language" : "it",
          "value" : "Liquido gastroenterico"
        },
        {
          "language" : "pt",
          "value" : "Líquido gastroentérico"
        }]
      },
      {
        "code" : "31090",
        "display" : "Chewing gum"
      },
      {
        "code" : "31100",
        "display" : "Injection/infusion",
        "designation" : [{
          "language" : "de",
          "value" : "Injektion/Infusion"
        },
        {
          "language" : "fr",
          "value" : "Injection/perfusion"
        },
        {
          "language" : "it",
          "value" : "Iniezione/infusione"
        },
        {
          "language" : "pt",
          "value" : "Injetável ou perfusão"
        }]
      }]
    }]
  }
}